shot_id,shot_made_flag
1,0.5
8,0.5
17,0.5
20,0.5
33,0.5
34,0.5
35,0.5
36,0.5
37,0.5
38,0.5
45,0.5
50,0.5
55,0.5
60,0.5
66,0.5
67,0.5
71,0.5
80,0.5
85,0.5
86,0.5
95,0.5
104,0.5
113,0.5
123,0.5
126,0.5
133,0.5
141,0.5
144,0.5
150,0.5
152,0.5
153,0.5
156,0.5
159,0.5
165,0.5
172,0.5
182,0.5
192,0.5
193,0.5
196,0.5
202,0.5
210,0.5
211,0.5
228,0.5
257,0.5
260,0.5
264,0.5
267,0.5
279,0.5
282,0.5
293,0.5
299,0.5
300,0.5
301,0.5
317,0.5
327,0.5
328,0.5
335,0.5
346,0.5
348,0.5
365,0.5
390,0.5
391,0.5
392,0.5
397,0.5
418,0.5
428,0.5
434,0.5
439,0.5
440,0.5
456,0.5
459,0.5
472,0.5
480,0.5
491,0.5
497,0.5
509,0.5
511,0.5
523,0.5
533,0.5
544,0.5
546,0.5
555,0.5
558,0.5
560,0.5
573,0.5
591,0.5
596,0.5
597,0.5
601,0.5
605,0.5
617,0.5
628,0.5
634,0.5
646,0.5
649,0.5
651,0.5
654,0.5
656,0.5
657,0.5
669,0.5
670,0.5
693,0.5
694,0.5
699,0.5
711,0.5
718,0.5
722,0.5
723,0.5
725,0.5
734,0.5
735,0.5
737,0.5
746,0.5
747,0.5
766,0.5
767,0.5
771,0.5
773,0.5
774,0.5
783,0.5
784,0.5
789,0.5
792,0.5
804,0.5
809,0.5
812,0.5
813,0.5
817,0.5
820,0.5
825,0.5
826,0.5
829,0.5
855,0.5
859,0.5
862,0.5
870,0.5
876,0.5
880,0.5
886,0.5
889,0.5
891,0.5
897,0.5
902,0.5
903,0.5
908,0.5
909,0.5
920,0.5
922,0.5
924,0.5
932,0.5
934,0.5
937,0.5
941,0.5
943,0.5
950,0.5
952,0.5
954,0.5
963,0.5
975,0.5
979,0.5
981,0.5
983,0.5
985,0.5
989,0.5
995,0.5
998,0.5
1008,0.5
1019,0.5
1023,0.5
1026,0.5
1029,0.5
1034,0.5
1036,0.5
1038,0.5
1039,0.5
1051,0.5
1052,0.5
1066,0.5
1087,0.5
1092,0.5
1094,0.5
1098,0.5
1099,0.5
1102,0.5
1118,0.5
1131,0.5
1133,0.5
1135,0.5
1138,0.5
1139,0.5
1142,0.5
1151,0.5
1152,0.5
1155,0.5
1165,0.5
1167,0.5
1172,0.5
1174,0.5
1180,0.5
1200,0.5
1202,0.5
1227,0.5
1228,0.5
1229,0.5
1237,0.5
1241,0.5
1256,0.5
1279,0.5
1293,0.5
1295,0.5
1319,0.5
1320,0.5
1321,0.5
1322,0.5
1334,0.5
1351,0.5
1373,0.5
1375,0.5
1380,0.5
1382,0.5
1385,0.5
1399,0.5
1403,0.5
1428,0.5
1434,0.5
1444,0.5
1448,0.5
1466,0.5
1476,0.5
1478,0.5
1485,0.5
1491,0.5
1494,0.5
1500,0.5
1501,0.5
1503,0.5
1519,0.5
1524,0.5
1529,0.5
1533,0.5
1538,0.5
1539,0.5
1546,0.5
1555,0.5
1559,0.5
1563,0.5
1565,0.5
1574,0.5
1591,0.5
1594,0.5
1605,0.5
1611,0.5
1614,0.5
1620,0.5
1626,0.5
1630,0.5
1632,0.5
1634,0.5
1643,0.5
1651,0.5
1655,0.5
1658,0.5
1659,0.5
1665,0.5
1675,0.5
1680,0.5
1690,0.5
1696,0.5
1714,0.5
1721,0.5
1726,0.5
1728,0.5
1734,0.5
1735,0.5
1740,0.5
1744,0.5
1747,0.5
1752,0.5
1763,0.5
1765,0.5
1769,0.5
1785,0.5
1787,0.5
1788,0.5
1793,0.5
1800,0.5
1825,0.5
1826,0.5
1834,0.5
1843,0.5
1844,0.5
1848,0.5
1849,0.5
1860,0.5
1863,0.5
1875,0.5
1883,0.5
1890,0.5
1892,0.5
1893,0.5
1897,0.5
1905,0.5
1908,0.5
1931,0.5
1940,0.5
1943,0.5
1947,0.5
1965,0.5
1967,0.5
1968,0.5
1972,0.5
1982,0.5
1985,0.5
2005,0.5
2010,0.5
2021,0.5
2024,0.5
2036,0.5
2043,0.5
2047,0.5
2049,0.5
2055,0.5
2065,0.5
2066,0.5
2070,0.5
2077,0.5
2085,0.5
2095,0.5
2097,0.5
2108,0.5
2112,0.5
2113,0.5
2122,0.5
2139,0.5
2144,0.5
2146,0.5
2148,0.5
2149,0.5
2157,0.5
2159,0.5
2168,0.5
2176,0.5
2178,0.5
2181,0.5
2187,0.5
2188,0.5
2190,0.5
2194,0.5
2197,0.5
2214,0.5
2217,0.5
2222,0.5
2223,0.5
2226,0.5
2230,0.5
2240,0.5
2247,0.5
2250,0.5
2259,0.5
2262,0.5
2266,0.5
2305,0.5
2310,0.5
2313,0.5
2319,0.5
2320,0.5
2345,0.5
2350,0.5
2356,0.5
2360,0.5
2370,0.5
2386,0.5
2398,0.5
2414,0.5
2435,0.5
2439,0.5
2446,0.5
2458,0.5
2465,0.5
2466,0.5
2470,0.5
2495,0.5
2501,0.5
2507,0.5
2533,0.5
2537,0.5
2538,0.5
2541,0.5
2542,0.5
2544,0.5
2554,0.5
2555,0.5
2565,0.5
2575,0.5
2586,0.5
2588,0.5
2594,0.5
2617,0.5
2618,0.5
2623,0.5
2631,0.5
2640,0.5
2642,0.5
2647,0.5
2663,0.5
2664,0.5
2676,0.5
2680,0.5
2681,0.5
2691,0.5
2693,0.5
2695,0.5
2704,0.5
2708,0.5
2709,0.5
2717,0.5
2722,0.5
2728,0.5
2732,0.5
2743,0.5
2752,0.5
2757,0.5
2761,0.5
2769,0.5
2771,0.5
2774,0.5
2776,0.5
2781,0.5
2793,0.5
2799,0.5
2803,0.5
2811,0.5
2818,0.5
2824,0.5
2828,0.5
2829,0.5
2830,0.5
2842,0.5
2847,0.5
2848,0.5
2868,0.5
2870,0.5
2885,0.5
2886,0.5
2889,0.5
2903,0.5
2904,0.5
2918,0.5
2919,0.5
2922,0.5
2923,0.5
2931,0.5
2945,0.5
2955,0.5
2957,0.5
2960,0.5
2963,0.5
2966,0.5
2972,0.5
2974,0.5
2982,0.5
2984,0.5
3016,0.5
3021,0.5
3023,0.5
3025,0.5
3029,0.5
3034,0.5
3038,0.5
3040,0.5
3051,0.5
3062,0.5
3069,0.5
3071,0.5
3076,0.5
3079,0.5
3081,0.5
3082,0.5
3084,0.5
3098,0.5
3104,0.5
3105,0.5
3114,0.5
3118,0.5
3122,0.5
3132,0.5
3138,0.5
3141,0.5
3156,0.5
3162,0.5
3167,0.5
3170,0.5
3171,0.5
3172,0.5
3176,0.5
3180,0.5
3189,0.5
3198,0.5
3206,0.5
3215,0.5
3222,0.5
3228,0.5
3229,0.5
3232,0.5
3233,0.5
3238,0.5
3256,0.5
3264,0.5
3273,0.5
3275,0.5
3285,0.5
3289,0.5
3294,0.5
3306,0.5
3311,0.5
3318,0.5
3322,0.5
3324,0.5
3334,0.5
3341,0.5
3345,0.5
3346,0.5
3352,0.5
3368,0.5
3371,0.5
3372,0.5
3375,0.5
3384,0.5
3387,0.5
3393,0.5
3406,0.5
3411,0.5
3412,0.5
3414,0.5
3417,0.5
3420,0.5
3423,0.5
3436,0.5
3438,0.5
3442,0.5
3443,0.5
3451,0.5
3461,0.5
3489,0.5
3491,0.5
3510,0.5
3515,0.5
3527,0.5
3530,0.5
3540,0.5
3582,0.5
3604,0.5
3605,0.5
3609,0.5
3624,0.5
3628,0.5
3630,0.5
3641,0.5
3642,0.5
3648,0.5
3650,0.5
3652,0.5
3660,0.5
3664,0.5
3670,0.5
3672,0.5
3680,0.5
3682,0.5
3685,0.5
3686,0.5
3689,0.5
3705,0.5
3712,0.5
3713,0.5
3719,0.5
3721,0.5
3723,0.5
3724,0.5
3727,0.5
3733,0.5
3734,0.5
3742,0.5
3770,0.5
3777,0.5
3778,0.5
3780,0.5
3783,0.5
3784,0.5
3788,0.5
3790,0.5
3794,0.5
3795,0.5
3796,0.5
3801,0.5
3806,0.5
3813,0.5
3814,0.5
3818,0.5
3824,0.5
3836,0.5
3853,0.5
3855,0.5
3858,0.5
3861,0.5
3866,0.5
3870,0.5
3874,0.5
3876,0.5
3878,0.5
3890,0.5
3900,0.5
3904,0.5
3906,0.5
3907,0.5
3908,0.5
3912,0.5
3918,0.5
3923,0.5
3924,0.5
3925,0.5
3927,0.5
3955,0.5
3964,0.5
3969,0.5
3974,0.5
3976,0.5
3984,0.5
3991,0.5
3993,0.5
4009,0.5
4011,0.5
4020,0.5
4033,0.5
4041,0.5
4045,0.5
4052,0.5
4055,0.5
4056,0.5
4057,0.5
4067,0.5
4069,0.5
4077,0.5
4094,0.5
4095,0.5
4100,0.5
4119,0.5
4130,0.5
4131,0.5
4132,0.5
4134,0.5
4137,0.5
4138,0.5
4143,0.5
4145,0.5
4148,0.5
4163,0.5
4166,0.5
4169,0.5
4170,0.5
4174,0.5
4180,0.5
4199,0.5
4201,0.5
4203,0.5
4210,0.5
4211,0.5
4213,0.5
4225,0.5
4235,0.5
4242,0.5
4245,0.5
4250,0.5
4252,0.5
4254,0.5
4263,0.5
4264,0.5
4268,0.5
4270,0.5
4282,0.5
4283,0.5
4291,0.5
4304,0.5
4306,0.5
4309,0.5
4310,0.5
4313,0.5
4314,0.5
4315,0.5
4321,0.5
4324,0.5
4325,0.5
4328,0.5
4329,0.5
4332,0.5
4337,0.5
4342,0.5
4344,0.5
4352,0.5
4355,0.5
4366,0.5
4371,0.5
4372,0.5
4376,0.5
4384,0.5
4387,0.5
4389,0.5
4390,0.5
4406,0.5
4407,0.5
4409,0.5
4410,0.5
4424,0.5
4434,0.5
4452,0.5
4460,0.5
4470,0.5
4480,0.5
4496,0.5
4503,0.5
4512,0.5
4518,0.5
4519,0.5
4522,0.5
4525,0.5
4537,0.5
4546,0.5
4547,0.5
4553,0.5
4556,0.5
4558,0.5
4563,0.5
4568,0.5
4574,0.5
4578,0.5
4587,0.5
4592,0.5
4610,0.5
4615,0.5
4619,0.5
4620,0.5
4625,0.5
4635,0.5
4636,0.5
4641,0.5
4650,0.5
4653,0.5
4665,0.5
4668,0.5
4669,0.5
4670,0.5
4674,0.5
4675,0.5
4676,0.5
4679,0.5
4680,0.5
4686,0.5
4699,0.5
4713,0.5
4718,0.5
4721,0.5
4722,0.5
4724,0.5
4730,0.5
4731,0.5
4735,0.5
4743,0.5
4745,0.5
4746,0.5
4747,0.5
4748,0.5
4769,0.5
4771,0.5
4774,0.5
4784,0.5
4797,0.5
4801,0.5
4804,0.5
4820,0.5
4833,0.5
4834,0.5
4851,0.5
4859,0.5
4860,0.5
4863,0.5
4873,0.5
4881,0.5
4892,0.5
4908,0.5
4911,0.5
4915,0.5
4922,0.5
4929,0.5
4936,0.5
4939,0.5
4951,0.5
4956,0.5
4961,0.5
4964,0.5
4981,0.5
4991,0.5
4992,0.5
4997,0.5
5004,0.5
5010,0.5
5012,0.5
5015,0.5
5020,0.5
5030,0.5
5051,0.5
5052,0.5
5057,0.5
5058,0.5
5060,0.5
5061,0.5
5064,0.5
5078,0.5
5080,0.5
5088,0.5
5089,0.5
5090,0.5
5103,0.5
5108,0.5
5114,0.5
5115,0.5
5124,0.5
5137,0.5
5139,0.5
5144,0.5
5149,0.5
5157,0.5
5163,0.5
5174,0.5
5176,0.5
5179,0.5
5186,0.5
5203,0.5
5204,0.5
5206,0.5
5207,0.5
5220,0.5
5221,0.5
5224,0.5
5227,0.5
5229,0.5
5232,0.5
5240,0.5
5242,0.5
5243,0.5
5245,0.5
5248,0.5
5249,0.5
5254,0.5
5269,0.5
5272,0.5
5276,0.5
5286,0.5
5290,0.5
5308,0.5
5316,0.5
5318,0.5
5319,0.5
5320,0.5
5322,0.5
5324,0.5
5331,0.5
5336,0.5
5344,0.5
5354,0.5
5356,0.5
5358,0.5
5361,0.5
5365,0.5
5370,0.5
5376,0.5
5383,0.5
5384,0.5
5385,0.5
5393,0.5
5397,0.5
5398,0.5
5402,0.5
5407,0.5
5409,0.5
5425,0.5
5428,0.5
5430,0.5
5442,0.5
5447,0.5
5470,0.5
5485,0.5
5493,0.5
5502,0.5
5504,0.5
5517,0.5
5522,0.5
5527,0.5
5528,0.5
5536,0.5
5545,0.5
5576,0.5
5577,0.5
5592,0.5
5594,0.5
5595,0.5
5596,0.5
5599,0.5
5606,0.5
5617,0.5
5625,0.5
5626,0.5
5627,0.5
5642,0.5
5659,0.5
5664,0.5
5666,0.5
5671,0.5
5674,0.5
5677,0.5
5681,0.5
5683,0.5
5700,0.5
5713,0.5
5715,0.5
5718,0.5
5726,0.5
5738,0.5
5741,0.5
5743,0.5
5753,0.5
5761,0.5
5789,0.5
5797,0.5
5803,0.5
5810,0.5
5813,0.5
5817,0.5
5818,0.5
5822,0.5
5829,0.5
5846,0.5
5847,0.5
5854,0.5
5858,0.5
5863,0.5
5869,0.5
5870,0.5
5876,0.5
5881,0.5
5901,0.5
5922,0.5
5928,0.5
5933,0.5
5934,0.5
5946,0.5
5951,0.5
5955,0.5
5956,0.5
5965,0.5
5972,0.5
5981,0.5
5997,0.5
6005,0.5
6009,0.5
6010,0.5
6015,0.5
6039,0.5
6047,0.5
6051,0.5
6056,0.5
6061,0.5
6064,0.5
6065,0.5
6070,0.5
6085,0.5
6086,0.5
6091,0.5
6097,0.5
6099,0.5
6104,0.5
6108,0.5
6109,0.5
6124,0.5
6142,0.5
6144,0.5
6150,0.5
6154,0.5
6155,0.5
6156,0.5
6158,0.5
6159,0.5
6169,0.5
6170,0.5
6179,0.5
6184,0.5
6186,0.5
6204,0.5
6230,0.5
6231,0.5
6232,0.5
6235,0.5
6237,0.5
6239,0.5
6263,0.5
6265,0.5
6270,0.5
6271,0.5
6278,0.5
6279,0.5
6288,0.5
6294,0.5
6295,0.5
6302,0.5
6306,0.5
6322,0.5
6324,0.5
6327,0.5
6331,0.5
6334,0.5
6338,0.5
6339,0.5
6362,0.5
6372,0.5
6375,0.5
6393,0.5
6394,0.5
6405,0.5
6406,0.5
6416,0.5
6421,0.5
6422,0.5
6440,0.5
6457,0.5
6460,0.5
6463,0.5
6474,0.5
6476,0.5
6477,0.5
6482,0.5
6488,0.5
6489,0.5
6494,0.5
6499,0.5
6507,0.5
6524,0.5
6527,0.5
6531,0.5
6536,0.5
6538,0.5
6542,0.5
6565,0.5
6584,0.5
6588,0.5
6597,0.5
6603,0.5
6609,0.5
6613,0.5
6622,0.5
6630,0.5
6637,0.5
6639,0.5
6640,0.5
6646,0.5
6647,0.5
6648,0.5
6669,0.5
6680,0.5
6681,0.5
6684,0.5
6693,0.5
6694,0.5
6704,0.5
6706,0.5
6710,0.5
6713,0.5
6718,0.5
6732,0.5
6737,0.5
6739,0.5
6742,0.5
6746,0.5
6753,0.5
6771,0.5
6784,0.5
6790,0.5
6795,0.5
6807,0.5
6808,0.5
6818,0.5
6823,0.5
6830,0.5
6831,0.5
6832,0.5
6836,0.5
6846,0.5
6850,0.5
6854,0.5
6868,0.5
6876,0.5
6877,0.5
6881,0.5
6882,0.5
6884,0.5
6886,0.5
6901,0.5
6910,0.5
6913,0.5
6914,0.5
6918,0.5
6930,0.5
6941,0.5
6944,0.5
6945,0.5
6947,0.5
6949,0.5
6952,0.5
6963,0.5
6964,0.5
6972,0.5
6979,0.5
6981,0.5
6988,0.5
6990,0.5
6998,0.5
7004,0.5
7016,0.5
7027,0.5
7042,0.5
7056,0.5
7061,0.5
7069,0.5
7071,0.5
7088,0.5
7099,0.5
7108,0.5
7121,0.5
7125,0.5
7136,0.5
7149,0.5
7150,0.5
7151,0.5
7167,0.5
7177,0.5
7178,0.5
7183,0.5
7186,0.5
7190,0.5
7201,0.5
7202,0.5
7207,0.5
7213,0.5
7224,0.5
7225,0.5
7233,0.5
7239,0.5
7246,0.5
7248,0.5
7261,0.5
7264,0.5
7266,0.5
7274,0.5
7279,0.5
7293,0.5
7315,0.5
7322,0.5
7326,0.5
7341,0.5
7363,0.5
7365,0.5
7371,0.5
7377,0.5
7393,0.5
7405,0.5
7410,0.5
7434,0.5
7438,0.5
7447,0.5
7450,0.5
7452,0.5
7453,0.5
7455,0.5
7456,0.5
7457,0.5
7466,0.5
7470,0.5
7474,0.5
7487,0.5
7488,0.5
7492,0.5
7496,0.5
7501,0.5
7505,0.5
7512,0.5
7526,0.5
7536,0.5
7538,0.5
7539,0.5
7544,0.5
7554,0.5
7564,0.5
7566,0.5
7580,0.5
7581,0.5
7584,0.5
7587,0.5
7589,0.5
7590,0.5
7594,0.5
7597,0.5
7602,0.5
7603,0.5
7605,0.5
7609,0.5
7613,0.5
7619,0.5
7625,0.5
7626,0.5
7636,0.5
7639,0.5
7641,0.5
7643,0.5
7644,0.5
7657,0.5
7661,0.5
7666,0.5
7673,0.5
7683,0.5
7685,0.5
7699,0.5
7704,0.5
7705,0.5
7708,0.5
7728,0.5
7733,0.5
7741,0.5
7743,0.5
7745,0.5
7754,0.5
7756,0.5
7757,0.5
7770,0.5
7773,0.5
7774,0.5
7776,0.5
7777,0.5
7778,0.5
7781,0.5
7784,0.5
7789,0.5
7794,0.5
7799,0.5
7801,0.5
7818,0.5
7823,0.5
7828,0.5
7832,0.5
7839,0.5
7851,0.5
7856,0.5
7868,0.5
7869,0.5
7872,0.5
7874,0.5
7878,0.5
7888,0.5
7913,0.5
7923,0.5
7925,0.5
7926,0.5
7938,0.5
7942,0.5
7945,0.5
7954,0.5
7963,0.5
7969,0.5
7970,0.5
7977,0.5
7981,0.5
7990,0.5
8020,0.5
8023,0.5
8025,0.5
8034,0.5
8039,0.5
8046,0.5
8051,0.5
8055,0.5
8060,0.5
8063,0.5
8073,0.5
8074,0.5
8076,0.5
8080,0.5
8088,0.5
8102,0.5
8103,0.5
8104,0.5
8105,0.5
8109,0.5
8115,0.5
8121,0.5
8126,0.5
8135,0.5
8153,0.5
8156,0.5
8160,0.5
8161,0.5
8162,0.5
8171,0.5
8181,0.5
8183,0.5
8185,0.5
8191,0.5
8203,0.5
8204,0.5
8207,0.5
8208,0.5
8209,0.5
8210,0.5
8225,0.5
8226,0.5
8231,0.5
8233,0.5
8244,0.5
8250,0.5
8261,0.5
8265,0.5
8278,0.5
8279,0.5
8280,0.5
8296,0.5
8299,0.5
8300,0.5
8301,0.5
8305,0.5
8327,0.5
8334,0.5
8349,0.5
8355,0.5
8361,0.5
8362,0.5
8364,0.5
8365,0.5
8375,0.5
8378,0.5
8380,0.5
8381,0.5
8387,0.5
8399,0.5
8402,0.5
8409,0.5
8433,0.5
8436,0.5
8442,0.5
8448,0.5
8464,0.5
8469,0.5
8474,0.5
8478,0.5
8482,0.5
8490,0.5
8510,0.5
8511,0.5
8527,0.5
8532,0.5
8533,0.5
8538,0.5
8541,0.5
8545,0.5
8553,0.5
8554,0.5
8555,0.5
8569,0.5
8586,0.5
8593,0.5
8600,0.5
8606,0.5
8607,0.5
8611,0.5
8613,0.5
8618,0.5
8630,0.5
8637,0.5
8650,0.5
8652,0.5
8661,0.5
8669,0.5
8673,0.5
8674,0.5
8678,0.5
8682,0.5
8688,0.5
8689,0.5
8695,0.5
8698,0.5
8703,0.5
8709,0.5
8716,0.5
8723,0.5
8737,0.5
8753,0.5
8773,0.5
8774,0.5
8778,0.5
8786,0.5
8794,0.5
8795,0.5
8800,0.5
8804,0.5
8808,0.5
8809,0.5
8817,0.5
8818,0.5
8825,0.5
8830,0.5
8833,0.5
8834,0.5
8836,0.5
8837,0.5
8844,0.5
8851,0.5
8861,0.5
8864,0.5
8865,0.5
8869,0.5
8873,0.5
8880,0.5
8884,0.5
8888,0.5
8889,0.5
8891,0.5
8893,0.5
8897,0.5
8905,0.5
8910,0.5
8918,0.5
8939,0.5
8940,0.5
8941,0.5
8944,0.5
8949,0.5
8950,0.5
8958,0.5
8967,0.5
8975,0.5
8979,0.5
8980,0.5
8991,0.5
8995,0.5
8996,0.5
8998,0.5
9000,0.5
9001,0.5
9002,0.5
9024,0.5
9026,0.5
9027,0.5
9034,0.5
9038,0.5
9050,0.5
9052,0.5
9054,0.5
9078,0.5
9097,0.5
9109,0.5
9112,0.5
9115,0.5
9125,0.5
9132,0.5
9136,0.5
9139,0.5
9140,0.5
9142,0.5
9143,0.5
9147,0.5
9159,0.5
9165,0.5
9172,0.5
9177,0.5
9179,0.5
9185,0.5
9196,0.5
9201,0.5
9209,0.5
9210,0.5
9212,0.5
9214,0.5
9240,0.5
9241,0.5
9244,0.5
9249,0.5
9250,0.5
9255,0.5
9258,0.5
9263,0.5
9266,0.5
9269,0.5
9272,0.5
9276,0.5
9290,0.5
9299,0.5
9303,0.5
9310,0.5
9311,0.5
9314,0.5
9315,0.5
9325,0.5
9328,0.5
9329,0.5
9332,0.5
9337,0.5
9353,0.5
9355,0.5
9356,0.5
9362,0.5
9364,0.5
9366,0.5
9387,0.5
9388,0.5
9396,0.5
9400,0.5
9406,0.5
9411,0.5
9416,0.5
9417,0.5
9423,0.5
9425,0.5
9426,0.5
9427,0.5
9429,0.5
9430,0.5
9434,0.5
9442,0.5
9458,0.5
9476,0.5
9481,0.5
9483,0.5
9484,0.5
9487,0.5
9488,0.5
9490,0.5
9502,0.5
9505,0.5
9509,0.5
9515,0.5
9516,0.5
9532,0.5
9539,0.5
9542,0.5
9549,0.5
9550,0.5
9553,0.5
9554,0.5
9561,0.5
9566,0.5
9571,0.5
9577,0.5
9584,0.5
9592,0.5
9596,0.5
9602,0.5
9603,0.5
9604,0.5
9608,0.5
9609,0.5
9613,0.5
9623,0.5
9630,0.5
9633,0.5
9648,0.5
9665,0.5
9668,0.5
9678,0.5
9679,0.5
9693,0.5
9718,0.5
9720,0.5
9744,0.5
9745,0.5
9746,0.5
9753,0.5
9758,0.5
9759,0.5
9763,0.5
9766,0.5
9767,0.5
9777,0.5
9781,0.5
9789,0.5
9790,0.5
9799,0.5
9802,0.5
9805,0.5
9807,0.5
9812,0.5
9818,0.5
9820,0.5
9822,0.5
9824,0.5
9834,0.5
9836,0.5
9847,0.5
9864,0.5
9869,0.5
9875,0.5
9880,0.5
9889,0.5
9894,0.5
9909,0.5
9915,0.5
9919,0.5
9920,0.5
9940,0.5
9946,0.5
9958,0.5
9959,0.5
9973,0.5
9976,0.5
9978,0.5
9982,0.5
9987,0.5
9988,0.5
9992,0.5
10000,0.5
10002,0.5
10005,0.5
10008,0.5
10009,0.5
10011,0.5
10021,0.5
10022,0.5
10053,0.5
10074,0.5
10076,0.5
10090,0.5
10092,0.5
10099,0.5
10102,0.5
10103,0.5
10106,0.5
10108,0.5
10113,0.5
10119,0.5
10122,0.5
10125,0.5
10140,0.5
10155,0.5
10159,0.5
10164,0.5
10175,0.5
10176,0.5
10178,0.5
10186,0.5
10200,0.5
10204,0.5
10206,0.5
10211,0.5
10212,0.5
10217,0.5
10220,0.5
10230,0.5
10234,0.5
10235,0.5
10239,0.5
10240,0.5
10242,0.5
10245,0.5
10246,0.5
10247,0.5
10250,0.5
10254,0.5
10257,0.5
10260,0.5
10261,0.5
10265,0.5
10273,0.5
10274,0.5
10277,0.5
10289,0.5
10290,0.5
10298,0.5
10301,0.5
10304,0.5
10305,0.5
10313,0.5
10320,0.5
10323,0.5
10328,0.5
10332,0.5
10336,0.5
10343,0.5
10348,0.5
10350,0.5
10351,0.5
10354,0.5
10372,0.5
10373,0.5
10380,0.5
10383,0.5
10396,0.5
10397,0.5
10399,0.5
10400,0.5
10401,0.5
10402,0.5
10403,0.5
10410,0.5
10412,0.5
10415,0.5
10424,0.5
10428,0.5
10432,0.5
10462,0.5
10477,0.5
10482,0.5
10484,0.5
10493,0.5
10495,0.5
10497,0.5
10516,0.5
10521,0.5
10522,0.5
10523,0.5
10528,0.5
10530,0.5
10532,0.5
10533,0.5
10543,0.5
10547,0.5
10552,0.5
10558,0.5
10571,0.5
10572,0.5
10574,0.5
10583,0.5
10600,0.5
10607,0.5
10608,0.5
10614,0.5
10630,0.5
10634,0.5
10635,0.5
10641,0.5
10643,0.5
10644,0.5
10648,0.5
10669,0.5
10675,0.5
10686,0.5
10704,0.5
10707,0.5
10722,0.5
10736,0.5
10764,0.5
10767,0.5
10776,0.5
10779,0.5
10781,0.5
10792,0.5
10797,0.5
10798,0.5
10801,0.5
10802,0.5
10805,0.5
10808,0.5
10810,0.5
10816,0.5
10817,0.5
10829,0.5
10843,0.5
10858,0.5
10866,0.5
10876,0.5
10887,0.5
10891,0.5
10896,0.5
10900,0.5
10905,0.5
10907,0.5
10917,0.5
10936,0.5
10947,0.5
10948,0.5
10951,0.5
10955,0.5
10969,0.5
10984,0.5
10987,0.5
10990,0.5
10992,0.5
10996,0.5
10997,0.5
10999,0.5
11000,0.5
11001,0.5
11010,0.5
11016,0.5
11018,0.5
11034,0.5
11039,0.5
11041,0.5
11047,0.5
11053,0.5
11055,0.5
11056,0.5
11065,0.5
11068,0.5
11070,0.5
11071,0.5
11072,0.5
11079,0.5
11091,0.5
11094,0.5
11112,0.5
11113,0.5
11128,0.5
11153,0.5
11154,0.5
11163,0.5
11179,0.5
11181,0.5
11206,0.5
11216,0.5
11221,0.5
11223,0.5
11228,0.5
11235,0.5
11237,0.5
11244,0.5
11256,0.5
11267,0.5
11272,0.5
11281,0.5
11285,0.5
11288,0.5
11291,0.5
11293,0.5
11297,0.5
11298,0.5
11299,0.5
11301,0.5
11309,0.5
11331,0.5
11332,0.5
11337,0.5
11343,0.5
11347,0.5
11348,0.5
11355,0.5
11368,0.5
11369,0.5
11371,0.5
11378,0.5
11384,0.5
11387,0.5
11393,0.5
11399,0.5
11412,0.5
11431,0.5
11432,0.5
11444,0.5
11450,0.5
11451,0.5
11476,0.5
11488,0.5
11495,0.5
11505,0.5
11508,0.5
11518,0.5
11522,0.5
11524,0.5
11533,0.5
11549,0.5
11551,0.5
11560,0.5
11563,0.5
11565,0.5
11567,0.5
11569,0.5
11598,0.5
11604,0.5
11611,0.5
11617,0.5
11626,0.5
11642,0.5
11643,0.5
11648,0.5
11651,0.5
11663,0.5
11666,0.5
11685,0.5
11686,0.5
11698,0.5
11708,0.5
11711,0.5
11718,0.5
11742,0.5
11761,0.5
11767,0.5
11768,0.5
11775,0.5
11779,0.5
11786,0.5
11790,0.5
11791,0.5
11796,0.5
11806,0.5
11810,0.5
11811,0.5
11814,0.5
11816,0.5
11820,0.5
11822,0.5
11829,0.5
11832,0.5
11834,0.5
11836,0.5
11837,0.5
11844,0.5
11847,0.5
11864,0.5
11865,0.5
11872,0.5
11873,0.5
11886,0.5
11894,0.5
11905,0.5
11906,0.5
11907,0.5
11912,0.5
11914,0.5
11918,0.5
11924,0.5
11929,0.5
11930,0.5
11936,0.5
11937,0.5
11954,0.5
11957,0.5
11964,0.5
11968,0.5
11972,0.5
11976,0.5
11979,0.5
11981,0.5
11983,0.5
11989,0.5
11991,0.5
11998,0.5
12003,0.5
12007,0.5
12011,0.5
12014,0.5
12024,0.5
12033,0.5
12034,0.5
12041,0.5
12046,0.5
12056,0.5
12064,0.5
12069,0.5
12070,0.5
12071,0.5
12072,0.5
12078,0.5
12091,0.5
12092,0.5
12094,0.5
12098,0.5
12103,0.5
12115,0.5
12118,0.5
12122,0.5
12125,0.5
12133,0.5
12137,0.5
12141,0.5
12143,0.5
12144,0.5
12154,0.5
12163,0.5
12170,0.5
12193,0.5
12196,0.5
12206,0.5
12209,0.5
12214,0.5
12228,0.5
12233,0.5
12238,0.5
12242,0.5
12245,0.5
12247,0.5
12251,0.5
12287,0.5
12292,0.5
12304,0.5
12317,0.5
12320,0.5
12323,0.5
12328,0.5
12333,0.5
12334,0.5
12335,0.5
12352,0.5
12358,0.5
12364,0.5
12376,0.5
12396,0.5
12402,0.5
12406,0.5
12408,0.5
12410,0.5
12413,0.5
12417,0.5
12424,0.5
12425,0.5
12426,0.5
12430,0.5
12432,0.5
12433,0.5
12451,0.5
12457,0.5
12465,0.5
12468,0.5
12474,0.5
12475,0.5
12486,0.5
12487,0.5
12514,0.5
12524,0.5
12526,0.5
12530,0.5
12532,0.5
12593,0.5
12599,0.5
12600,0.5
12603,0.5
12624,0.5
12630,0.5
12638,0.5
12641,0.5
12643,0.5
12656,0.5
12666,0.5
12673,0.5
12675,0.5
12678,0.5
12692,0.5
12693,0.5
12707,0.5
12711,0.5
12716,0.5
12717,0.5
12723,0.5
12738,0.5
12742,0.5
12746,0.5
12753,0.5
12758,0.5
12760,0.5
12763,0.5
12764,0.5
12768,0.5
12776,0.5
12777,0.5
12783,0.5
12804,0.5
12824,0.5
12839,0.5
12847,0.5
12850,0.5
12867,0.5
12883,0.5
12887,0.5
12890,0.5
12903,0.5
12906,0.5
12907,0.5
12909,0.5
12912,0.5
12915,0.5
12930,0.5
12931,0.5
12934,0.5
12951,0.5
12955,0.5
12973,0.5
12988,0.5
12999,0.5
13015,0.5
13026,0.5
13036,0.5
13039,0.5
13040,0.5
13041,0.5
13043,0.5
13057,0.5
13064,0.5
13068,0.5
13069,0.5
13073,0.5
13079,0.5
13086,0.5
13089,0.5
13093,0.5
13097,0.5
13098,0.5
13105,0.5
13107,0.5
13108,0.5
13110,0.5
13112,0.5
13114,0.5
13118,0.5
13127,0.5
13129,0.5
13142,0.5
13146,0.5
13149,0.5
13157,0.5
13158,0.5
13159,0.5
13161,0.5
13162,0.5
13166,0.5
13168,0.5
13170,0.5
13186,0.5
13191,0.5
13203,0.5
13209,0.5
13212,0.5
13213,0.5
13222,0.5
13229,0.5
13234,0.5
13257,0.5
13258,0.5
13268,0.5
13270,0.5
13291,0.5
13292,0.5
13299,0.5
13307,0.5
13309,0.5
13311,0.5
13312,0.5
13322,0.5
13324,0.5
13330,0.5
13338,0.5
13344,0.5
13348,0.5
13355,0.5
13365,0.5
13368,0.5
13370,0.5
13372,0.5
13377,0.5
13385,0.5
13389,0.5
13393,0.5
13395,0.5
13404,0.5
13411,0.5
13416,0.5
13434,0.5
13435,0.5
13445,0.5
13446,0.5
13451,0.5
13462,0.5
13464,0.5
13466,0.5
13471,0.5
13472,0.5
13477,0.5
13481,0.5
13484,0.5
13490,0.5
13492,0.5
13500,0.5
13508,0.5
13516,0.5
13525,0.5
13526,0.5
13530,0.5
13532,0.5
13538,0.5
13546,0.5
13548,0.5
13550,0.5
13551,0.5
13564,0.5
13566,0.5
13570,0.5
13580,0.5
13585,0.5
13588,0.5
13592,0.5
13594,0.5
13609,0.5
13610,0.5
13613,0.5
13625,0.5
13626,0.5
13639,0.5
13645,0.5
13647,0.5
13648,0.5
13652,0.5
13654,0.5
13664,0.5
13673,0.5
13684,0.5
13690,0.5
13693,0.5
13696,0.5
13700,0.5
13701,0.5
13707,0.5
13713,0.5
13714,0.5
13716,0.5
13720,0.5
13727,0.5
13733,0.5
13738,0.5
13757,0.5
13759,0.5
13761,0.5
13767,0.5
13782,0.5
13786,0.5
13787,0.5
13792,0.5
13795,0.5
13798,0.5
13807,0.5
13809,0.5
13811,0.5
13815,0.5
13817,0.5
13818,0.5
13822,0.5
13824,0.5
13829,0.5
13832,0.5
13840,0.5
13841,0.5
13868,0.5
13871,0.5
13880,0.5
13888,0.5
13890,0.5
13891,0.5
13895,0.5
13907,0.5
13910,0.5
13912,0.5
13913,0.5
13923,0.5
13929,0.5
13936,0.5
13946,0.5
13950,0.5
13951,0.5
13954,0.5
13958,0.5
13969,0.5
13980,0.5
13981,0.5
13986,0.5
13987,0.5
13989,0.5
13992,0.5
13994,0.5
14001,0.5
14002,0.5
14004,0.5
14006,0.5
14012,0.5
14021,0.5
14024,0.5
14045,0.5
14047,0.5
14057,0.5
14059,0.5
14060,0.5
14068,0.5
14070,0.5
14074,0.5
14076,0.5
14089,0.5
14115,0.5
14116,0.5
14128,0.5
14131,0.5
14134,0.5
14137,0.5
14138,0.5
14139,0.5
14152,0.5
14153,0.5
14155,0.5
14156,0.5
14164,0.5
14165,0.5
14171,0.5
14174,0.5
14181,0.5
14186,0.5
14192,0.5
14201,0.5
14210,0.5
14214,0.5
14231,0.5
14236,0.5
14241,0.5
14245,0.5
14249,0.5
14251,0.5
14262,0.5
14265,0.5
14267,0.5
14270,0.5
14276,0.5
14279,0.5
14281,0.5
14289,0.5
14290,0.5
14293,0.5
14295,0.5
14297,0.5
14298,0.5
14310,0.5
14312,0.5
14315,0.5
14318,0.5
14319,0.5
14325,0.5
14331,0.5
14334,0.5
14341,0.5
14343,0.5
14344,0.5
14346,0.5
14347,0.5
14349,0.5
14352,0.5
14358,0.5
14361,0.5
14363,0.5
14374,0.5
14376,0.5
14381,0.5
14398,0.5
14410,0.5
14412,0.5
14415,0.5
14423,0.5
14425,0.5
14436,0.5
14444,0.5
14455,0.5
14465,0.5
14469,0.5
14471,0.5
14475,0.5
14479,0.5
14480,0.5
14488,0.5
14491,0.5
14501,0.5
14520,0.5
14522,0.5
14523,0.5
14537,0.5
14538,0.5
14550,0.5
14561,0.5
14575,0.5
14586,0.5
14592,0.5
14601,0.5
14602,0.5
14604,0.5
14606,0.5
14627,0.5
14641,0.5
14652,0.5
14662,0.5
14665,0.5
14673,0.5
14675,0.5
14679,0.5
14683,0.5
14686,0.5
14705,0.5
14708,0.5
14709,0.5
14710,0.5
14715,0.5
14717,0.5
14723,0.5
14725,0.5
14727,0.5
14728,0.5
14735,0.5
14746,0.5
14752,0.5
14757,0.5
14762,0.5
14763,0.5
14797,0.5
14812,0.5
14818,0.5
14825,0.5
14827,0.5
14829,0.5
14830,0.5
14837,0.5
14849,0.5
14863,0.5
14869,0.5
14882,0.5
14884,0.5
14886,0.5
14888,0.5
14890,0.5
14904,0.5
14938,0.5
14952,0.5
14958,0.5
14963,0.5
14979,0.5
14980,0.5
14986,0.5
14988,0.5
15003,0.5
15006,0.5
15009,0.5
15015,0.5
15024,0.5
15030,0.5
15036,0.5
15038,0.5
15039,0.5
15047,0.5
15049,0.5
15056,0.5
15068,0.5
15070,0.5
15073,0.5
15081,0.5
15084,0.5
15088,0.5
15092,0.5
15095,0.5
15097,0.5
15098,0.5
15115,0.5
15120,0.5
15126,0.5
15133,0.5
15143,0.5
15156,0.5
15164,0.5
15178,0.5
15198,0.5
15200,0.5
15208,0.5
15214,0.5
15218,0.5
15231,0.5
15238,0.5
15239,0.5
15240,0.5
15249,0.5
15256,0.5
15260,0.5
15290,0.5
15307,0.5
15308,0.5
15321,0.5
15323,0.5
15325,0.5
15342,0.5
15346,0.5
15349,0.5
15354,0.5
15362,0.5
15379,0.5
15383,0.5
15394,0.5
15401,0.5
15405,0.5
15407,0.5
15412,0.5
15413,0.5
15415,0.5
15427,0.5
15430,0.5
15436,0.5
15439,0.5
15443,0.5
15444,0.5
15445,0.5
15450,0.5
15456,0.5
15465,0.5
15466,0.5
15470,0.5
15474,0.5
15476,0.5
15482,0.5
15492,0.5
15510,0.5
15519,0.5
15523,0.5
15535,0.5
15561,0.5
15564,0.5
15566,0.5
15579,0.5
15580,0.5
15581,0.5
15587,0.5
15589,0.5
15591,0.5
15597,0.5
15620,0.5
15627,0.5
15636,0.5
15653,0.5
15662,0.5
15664,0.5
15666,0.5
15667,0.5
15674,0.5
15692,0.5
15715,0.5
15736,0.5
15744,0.5
15746,0.5
15758,0.5
15760,0.5
15766,0.5
15767,0.5
15789,0.5
15810,0.5
15818,0.5
15820,0.5
15830,0.5
15844,0.5
15850,0.5
15857,0.5
15863,0.5
15869,0.5
15872,0.5
15873,0.5
15884,0.5
15885,0.5
15891,0.5
15898,0.5
15900,0.5
15932,0.5
15940,0.5
15944,0.5
15945,0.5
15963,0.5
15970,0.5
15977,0.5
15982,0.5
15985,0.5
15995,0.5
16004,0.5
16005,0.5
16011,0.5
16019,0.5
16021,0.5
16051,0.5
16065,0.5
16066,0.5
16076,0.5
16091,0.5
16094,0.5
16101,0.5
16104,0.5
16113,0.5
16114,0.5
16115,0.5
16127,0.5
16128,0.5
16138,0.5
16139,0.5
16142,0.5
16144,0.5
16148,0.5
16151,0.5
16156,0.5
16165,0.5
16166,0.5
16179,0.5
16193,0.5
16196,0.5
16198,0.5
16210,0.5
16232,0.5
16237,0.5
16240,0.5
16252,0.5
16259,0.5
16262,0.5
16263,0.5
16270,0.5
16272,0.5
16290,0.5
16295,0.5
16297,0.5
16299,0.5
16300,0.5
16302,0.5
16303,0.5
16305,0.5
16309,0.5
16312,0.5
16320,0.5
16326,0.5
16327,0.5
16338,0.5
16342,0.5
16346,0.5
16348,0.5
16355,0.5
16356,0.5
16378,0.5
16382,0.5
16391,0.5
16392,0.5
16395,0.5
16399,0.5
16403,0.5
16408,0.5
16413,0.5
16415,0.5
16417,0.5
16420,0.5
16431,0.5
16439,0.5
16444,0.5
16446,0.5
16451,0.5
16454,0.5
16461,0.5
16462,0.5
16469,0.5
16484,0.5
16486,0.5
16487,0.5
16491,0.5
16494,0.5
16507,0.5
16508,0.5
16519,0.5
16523,0.5
16526,0.5
16530,0.5
16532,0.5
16542,0.5
16550,0.5
16555,0.5
16558,0.5
16567,0.5
16576,0.5
16579,0.5
16595,0.5
16598,0.5
16600,0.5
16604,0.5
16605,0.5
16607,0.5
16610,0.5
16612,0.5
16617,0.5
16625,0.5
16632,0.5
16634,0.5
16650,0.5
16654,0.5
16655,0.5
16656,0.5
16657,0.5
16660,0.5
16662,0.5
16669,0.5
16675,0.5
16676,0.5
16678,0.5
16679,0.5
16693,0.5
16701,0.5
16715,0.5
16722,0.5
16724,0.5
16727,0.5
16735,0.5
16741,0.5
16752,0.5
16758,0.5
16765,0.5
16771,0.5
16785,0.5
16793,0.5
16800,0.5
16805,0.5
16809,0.5
16820,0.5
16827,0.5
16830,0.5
16843,0.5
16847,0.5
16855,0.5
16860,0.5
16862,0.5
16863,0.5
16872,0.5
16874,0.5
16876,0.5
16893,0.5
16895,0.5
16914,0.5
16917,0.5
16926,0.5
16930,0.5
16931,0.5
16932,0.5
16934,0.5
16937,0.5
16941,0.5
16942,0.5
16957,0.5
16962,0.5
16967,0.5
16968,0.5
16972,0.5
16974,0.5
16984,0.5
16987,0.5
16994,0.5
16995,0.5
16999,0.5
17034,0.5
17038,0.5
17040,0.5
17050,0.5
17068,0.5
17077,0.5
17079,0.5
17082,0.5
17085,0.5
17087,0.5
17099,0.5
17105,0.5
17108,0.5
17110,0.5
17111,0.5
17123,0.5
17124,0.5
17130,0.5
17138,0.5
17143,0.5
17157,0.5
17160,0.5
17166,0.5
17167,0.5
17179,0.5
17180,0.5
17189,0.5
17197,0.5
17219,0.5
17223,0.5
17225,0.5
17229,0.5
17234,0.5
17235,0.5
17239,0.5
17242,0.5
17243,0.5
17246,0.5
17247,0.5
17255,0.5
17258,0.5
17260,0.5
17264,0.5
17270,0.5
17271,0.5
17272,0.5
17285,0.5
17294,0.5
17297,0.5
17298,0.5
17299,0.5
17306,0.5
17324,0.5
17326,0.5
17330,0.5
17345,0.5
17351,0.5
17352,0.5
17372,0.5
17381,0.5
17385,0.5
17388,0.5
17390,0.5
17392,0.5
17399,0.5
17404,0.5
17407,0.5
17408,0.5
17416,0.5
17418,0.5
17434,0.5
17438,0.5
17443,0.5
17444,0.5
17453,0.5
17460,0.5
17467,0.5
17480,0.5
17488,0.5
17490,0.5
17493,0.5
17498,0.5
17503,0.5
17513,0.5
17520,0.5
17525,0.5
17534,0.5
17545,0.5
17553,0.5
17554,0.5
17557,0.5
17563,0.5
17576,0.5
17577,0.5
17580,0.5
17582,0.5
17596,0.5
17597,0.5
17602,0.5
17614,0.5
17623,0.5
17624,0.5
17627,0.5
17628,0.5
17630,0.5
17634,0.5
17640,0.5
17652,0.5
17657,0.5
17661,0.5
17662,0.5
17666,0.5
17682,0.5
17688,0.5
17693,0.5
17705,0.5
17711,0.5
17715,0.5
17717,0.5
17721,0.5
17728,0.5
17737,0.5
17745,0.5
17755,0.5
17764,0.5
17774,0.5
17785,0.5
17786,0.5
17789,0.5
17802,0.5
17810,0.5
17819,0.5
17825,0.5
17828,0.5
17833,0.5
17841,0.5
17842,0.5
17844,0.5
17849,0.5
17855,0.5
17857,0.5
17861,0.5
17863,0.5
17868,0.5
17876,0.5
17882,0.5
17885,0.5
17893,0.5
17894,0.5
17902,0.5
17906,0.5
17911,0.5
17917,0.5
17921,0.5
17941,0.5
17945,0.5
17949,0.5
17954,0.5
17957,0.5
17958,0.5
17960,0.5
17985,0.5
18000,0.5
18002,0.5
18008,0.5
18014,0.5
18015,0.5
18019,0.5
18021,0.5
18026,0.5
18029,0.5
18034,0.5
18035,0.5
18036,0.5
18039,0.5
18066,0.5
18076,0.5
18089,0.5
18104,0.5
18110,0.5
18129,0.5
18131,0.5
18133,0.5
18136,0.5
18148,0.5
18152,0.5
18167,0.5
18177,0.5
18178,0.5
18183,0.5
18194,0.5
18197,0.5
18213,0.5
18214,0.5
18221,0.5
18227,0.5
18239,0.5
18245,0.5
18266,0.5
18267,0.5
18274,0.5
18283,0.5
18297,0.5
18302,0.5
18303,0.5
18315,0.5
18324,0.5
18326,0.5
18334,0.5
18336,0.5
18344,0.5
18346,0.5
18347,0.5
18350,0.5
18352,0.5
18364,0.5
18366,0.5
18373,0.5
18391,0.5
18393,0.5
18395,0.5
18400,0.5
18408,0.5
18421,0.5
18425,0.5
18443,0.5
18451,0.5
18456,0.5
18458,0.5
18460,0.5
18467,0.5
18468,0.5
18475,0.5
18485,0.5
18494,0.5
18495,0.5
18508,0.5
18530,0.5
18533,0.5
18547,0.5
18548,0.5
18553,0.5
18561,0.5
18565,0.5
18572,0.5
18593,0.5
18600,0.5
18621,0.5
18629,0.5
18637,0.5
18649,0.5
18653,0.5
18660,0.5
18671,0.5
18672,0.5
18677,0.5
18681,0.5
18684,0.5
18686,0.5
18689,0.5
18690,0.5
18709,0.5
18716,0.5
18723,0.5
18773,0.5
18782,0.5
18797,0.5
18810,0.5
18817,0.5
18820,0.5
18825,0.5
18837,0.5
18850,0.5
18857,0.5
18861,0.5
18867,0.5
18870,0.5
18877,0.5
18887,0.5
18898,0.5
18900,0.5
18914,0.5
18921,0.5
18922,0.5
18945,0.5
18947,0.5
18953,0.5
18954,0.5
18957,0.5
18960,0.5
18973,0.5
18983,0.5
18990,0.5
18991,0.5
18993,0.5
18995,0.5
18996,0.5
19003,0.5
19014,0.5
19015,0.5
19019,0.5
19028,0.5
19038,0.5
19040,0.5
19046,0.5
19051,0.5
19054,0.5
19056,0.5
19074,0.5
19085,0.5
19099,0.5
19124,0.5
19134,0.5
19141,0.5
19146,0.5
19150,0.5
19170,0.5
19176,0.5
19187,0.5
19189,0.5
19202,0.5
19208,0.5
19209,0.5
19210,0.5
19216,0.5
19217,0.5
19218,0.5
19223,0.5
19240,0.5
19246,0.5
19269,0.5
19275,0.5
19287,0.5
19298,0.5
19303,0.5
19313,0.5
19325,0.5
19326,0.5
19328,0.5
19330,0.5
19340,0.5
19342,0.5
19343,0.5
19344,0.5
19363,0.5
19364,0.5
19371,0.5
19376,0.5
19377,0.5
19381,0.5
19384,0.5
19390,0.5
19402,0.5
19405,0.5
19409,0.5
19418,0.5
19429,0.5
19446,0.5
19458,0.5
19460,0.5
19462,0.5
19465,0.5
19472,0.5
19480,0.5
19503,0.5
19507,0.5
19517,0.5
19533,0.5
19537,0.5
19541,0.5
19563,0.5
19566,0.5
19568,0.5
19576,0.5
19591,0.5
19597,0.5
19619,0.5
19622,0.5
19623,0.5
19624,0.5
19627,0.5
19629,0.5
19633,0.5
19639,0.5
19641,0.5
19643,0.5
19649,0.5
19652,0.5
19657,0.5
19660,0.5
19668,0.5
19678,0.5
19686,0.5
19690,0.5
19694,0.5
19695,0.5
19702,0.5
19712,0.5
19720,0.5
19735,0.5
19739,0.5
19740,0.5
19743,0.5
19750,0.5
19752,0.5
19754,0.5
19762,0.5
19770,0.5
19775,0.5
19777,0.5
19782,0.5
19783,0.5
19786,0.5
19805,0.5
19808,0.5
19819,0.5
19821,0.5
19827,0.5
19830,0.5
19832,0.5
19833,0.5
19834,0.5
19843,0.5
19844,0.5
19846,0.5
19847,0.5
19850,0.5
19851,0.5
19861,0.5
19873,0.5
19878,0.5
19886,0.5
19892,0.5
19901,0.5
19902,0.5
19920,0.5
19921,0.5
19922,0.5
19929,0.5
19932,0.5
19935,0.5
19936,0.5
19946,0.5
19950,0.5
19952,0.5
19955,0.5
19976,0.5
19983,0.5
19987,0.5
19991,0.5
19996,0.5
20007,0.5
20015,0.5
20019,0.5
20023,0.5
20034,0.5
20036,0.5
20038,0.5
20039,0.5
20040,0.5
20045,0.5
20046,0.5
20048,0.5
20060,0.5
20068,0.5
20074,0.5
20111,0.5
20117,0.5
20125,0.5
20129,0.5
20134,0.5
20135,0.5
20139,0.5
20142,0.5
20147,0.5
20154,0.5
20157,0.5
20169,0.5
20179,0.5
20202,0.5
20207,0.5
20215,0.5
20216,0.5
20217,0.5
20218,0.5
20219,0.5
20226,0.5
20236,0.5
20239,0.5
20246,0.5
20247,0.5
20253,0.5
20255,0.5
20268,0.5
20270,0.5
20271,0.5
20279,0.5
20282,0.5
20295,0.5
20302,0.5
20305,0.5
20306,0.5
20308,0.5
20330,0.5
20335,0.5
20344,0.5
20349,0.5
20360,0.5
20362,0.5
20378,0.5
20394,0.5
20397,0.5
20403,0.5
20405,0.5
20415,0.5
20417,0.5
20420,0.5
20425,0.5
20430,0.5
20435,0.5
20443,0.5
20446,0.5
20458,0.5
20459,0.5
20467,0.5
20470,0.5
20482,0.5
20489,0.5
20495,0.5
20496,0.5
20497,0.5
20505,0.5
20509,0.5
20535,0.5
20539,0.5
20544,0.5
20547,0.5
20556,0.5
20557,0.5
20575,0.5
20577,0.5
20596,0.5
20597,0.5
20602,0.5
20603,0.5
20609,0.5
20618,0.5
20621,0.5
20628,0.5
20634,0.5
20637,0.5
20641,0.5
20642,0.5
20647,0.5
20655,0.5
20656,0.5
20661,0.5
20664,0.5
20674,0.5
20679,0.5
20680,0.5
20683,0.5
20687,0.5
20688,0.5
20695,0.5
20696,0.5
20699,0.5
20701,0.5
20702,0.5
20704,0.5
20721,0.5
20725,0.5
20731,0.5
20741,0.5
20742,0.5
20753,0.5
20756,0.5
20769,0.5
20771,0.5
20774,0.5
20777,0.5
20781,0.5
20797,0.5
20808,0.5
20810,0.5
20820,0.5
20823,0.5
20829,0.5
20832,0.5
20833,0.5
20837,0.5
20838,0.5
20839,0.5
20847,0.5
20861,0.5
20869,0.5
20875,0.5
20877,0.5
20889,0.5
20894,0.5
20901,0.5
20919,0.5
20923,0.5
20935,0.5
20937,0.5
20939,0.5
20940,0.5
20943,0.5
20946,0.5
20950,0.5
20961,0.5
20965,0.5
20967,0.5
20969,0.5
20970,0.5
20975,0.5
20987,0.5
20995,0.5
20998,0.5
21002,0.5
21012,0.5
21013,0.5
21015,0.5
21017,0.5
21020,0.5
21028,0.5
21031,0.5
21036,0.5
21040,0.5
21048,0.5
21049,0.5
21051,0.5
21070,0.5
21072,0.5
21079,0.5
21090,0.5
21093,0.5
21104,0.5
21114,0.5
21117,0.5
21120,0.5
21121,0.5
21132,0.5
21136,0.5
21139,0.5
21140,0.5
21146,0.5
21150,0.5
21178,0.5
21180,0.5
21198,0.5
21203,0.5
21210,0.5
21218,0.5
21220,0.5
21222,0.5
21228,0.5
21236,0.5
21239,0.5
21260,0.5
21267,0.5
21271,0.5
21279,0.5
21286,0.5
21288,0.5
21294,0.5
21298,0.5
21299,0.5
21300,0.5
21304,0.5
21307,0.5
21309,0.5
21311,0.5
21331,0.5
21332,0.5
21342,0.5
21345,0.5
21348,0.5
21353,0.5
21357,0.5
21369,0.5
21370,0.5
21371,0.5
21373,0.5
21385,0.5
21392,0.5
21401,0.5
21403,0.5
21406,0.5
21413,0.5
21414,0.5
21416,0.5
21423,0.5
21442,0.5
21443,0.5
21448,0.5
21459,0.5
21467,0.5
21474,0.5
21484,0.5
21488,0.5
21495,0.5
21498,0.5
21502,0.5
21503,0.5
21510,0.5
21516,0.5
21533,0.5
21535,0.5
21539,0.5
21541,0.5
21544,0.5
21554,0.5
21569,0.5
21572,0.5
21578,0.5
21580,0.5
21584,0.5
21589,0.5
21595,0.5
21598,0.5
21599,0.5
21606,0.5
21623,0.5
21639,0.5
21641,0.5
21645,0.5
21647,0.5
21648,0.5
21657,0.5
21671,0.5
21673,0.5
21678,0.5
21696,0.5
21699,0.5
21700,0.5
21703,0.5
21710,0.5
21721,0.5
21727,0.5
21728,0.5
21731,0.5
21741,0.5
21744,0.5
21748,0.5
21753,0.5
21756,0.5
21763,0.5
21767,0.5
21772,0.5
21774,0.5
21775,0.5
21780,0.5
21787,0.5
21805,0.5
21828,0.5
21831,0.5
21837,0.5
21842,0.5
21849,0.5
21856,0.5
21858,0.5
21862,0.5
21864,0.5
21867,0.5
21879,0.5
21881,0.5
21883,0.5
21891,0.5
21892,0.5
21902,0.5
21909,0.5
21914,0.5
21918,0.5
21919,0.5
21926,0.5
21930,0.5
21934,0.5
21940,0.5
21945,0.5
21948,0.5
21953,0.5
21954,0.5
21956,0.5
21963,0.5
21970,0.5
21984,0.5
21997,0.5
21999,0.5
22001,0.5
22002,0.5
22010,0.5
22013,0.5
22022,0.5
22024,0.5
22028,0.5
22029,0.5
22045,0.5
22049,0.5
22064,0.5
22069,0.5
22074,0.5
22082,0.5
22084,0.5
22090,0.5
22096,0.5
22100,0.5
22105,0.5
22119,0.5
22130,0.5
22152,0.5
22155,0.5
22164,0.5
22173,0.5
22194,0.5
22209,0.5
22217,0.5
22220,0.5
22222,0.5
22244,0.5
22245,0.5
22250,0.5
22256,0.5
22261,0.5
22264,0.5
22270,0.5
22279,0.5
22280,0.5
22284,0.5
22288,0.5
22293,0.5
22297,0.5
22307,0.5
22310,0.5
22319,0.5
22324,0.5
22326,0.5
22327,0.5
22329,0.5
22331,0.5
22340,0.5
22342,0.5
22347,0.5
22351,0.5
22357,0.5
22361,0.5
22371,0.5
22373,0.5
22391,0.5
22404,0.5
22409,0.5
22411,0.5
22428,0.5
22436,0.5
22444,0.5
22445,0.5
22451,0.5
22463,0.5
22464,0.5
22467,0.5
22472,0.5
22485,0.5
22497,0.5
22504,0.5
22508,0.5
22516,0.5
22522,0.5
22527,0.5
22543,0.5
22549,0.5
22551,0.5
22557,0.5
22562,0.5
22567,0.5
22572,0.5
22575,0.5
22578,0.5
22579,0.5
22580,0.5
22581,0.5
22591,0.5
22593,0.5
22597,0.5
22600,0.5
22602,0.5
22603,0.5
22616,0.5
22617,0.5
22622,0.5
22623,0.5
22624,0.5
22628,0.5
22640,0.5
22641,0.5
22653,0.5
22660,0.5
22672,0.5
22674,0.5
22689,0.5
22698,0.5
22705,0.5
22709,0.5
22711,0.5
22714,0.5
22715,0.5
22729,0.5
22730,0.5
22733,0.5
22750,0.5
22754,0.5
22756,0.5
22758,0.5
22767,0.5
22768,0.5
22769,0.5
22776,0.5
22778,0.5
22780,0.5
22789,0.5
22797,0.5
22799,0.5
22814,0.5
22818,0.5
22821,0.5
22823,0.5
22841,0.5
22847,0.5
22848,0.5
22862,0.5
22875,0.5
22877,0.5
22887,0.5
22892,0.5
22899,0.5
22901,0.5
22907,0.5
22909,0.5
22926,0.5
22927,0.5
22930,0.5
22934,0.5
22937,0.5
22939,0.5
22949,0.5
22951,0.5
22955,0.5
22965,0.5
22966,0.5
22968,0.5
22972,0.5
22975,0.5
22981,0.5
22988,0.5
22994,0.5
22996,0.5
23011,0.5
23028,0.5
23031,0.5
23035,0.5
23038,0.5
23042,0.5
23049,0.5
23051,0.5
23053,0.5
23057,0.5
23058,0.5
23063,0.5
23064,0.5
23067,0.5
23071,0.5
23075,0.5
23077,0.5
23090,0.5
23094,0.5
23097,0.5
23103,0.5
23107,0.5
23117,0.5
23122,0.5
23124,0.5
23126,0.5
23129,0.5
23136,0.5
23141,0.5
23142,0.5
23147,0.5
23154,0.5
23159,0.5
23165,0.5
23171,0.5
23173,0.5
23175,0.5
23179,0.5
23182,0.5
23185,0.5
23188,0.5
23189,0.5
23209,0.5
23214,0.5
23215,0.5
23233,0.5
23241,0.5
23252,0.5
23255,0.5
23263,0.5
23281,0.5
23282,0.5
23289,0.5
23292,0.5
23296,0.5
23297,0.5
23301,0.5
23302,0.5
23304,0.5
23309,0.5
23312,0.5
23316,0.5
23321,0.5
23342,0.5
23344,0.5
23350,0.5
23367,0.5
23368,0.5
23374,0.5
23387,0.5
23389,0.5
23399,0.5
23403,0.5
23406,0.5
23414,0.5
23415,0.5
23419,0.5
23436,0.5
23439,0.5
23444,0.5
23445,0.5
23455,0.5
23469,0.5
23472,0.5
23477,0.5
23478,0.5
23479,0.5
23487,0.5
23490,0.5
23491,0.5
23492,0.5
23494,0.5
23496,0.5
23497,0.5
23506,0.5
23515,0.5
23528,0.5
23532,0.5
23549,0.5
23551,0.5
23552,0.5
23555,0.5
23556,0.5
23564,0.5
23583,0.5
23592,0.5
23597,0.5
23601,0.5
23605,0.5
23615,0.5
23619,0.5
23621,0.5
23626,0.5
23635,0.5
23637,0.5
23640,0.5
23646,0.5
23655,0.5
23672,0.5
23673,0.5
23682,0.5
23683,0.5
23699,0.5
23704,0.5
23707,0.5
23713,0.5
23714,0.5
23716,0.5
23718,0.5
23721,0.5
23735,0.5
23737,0.5
23744,0.5
23749,0.5
23755,0.5
23769,0.5
23772,0.5
23773,0.5
23774,0.5
23779,0.5
23782,0.5
23793,0.5
23803,0.5
23828,0.5
23833,0.5
23834,0.5
23844,0.5
23845,0.5
23852,0.5
23855,0.5
23867,0.5
23872,0.5
23874,0.5
23880,0.5
23886,0.5
23898,0.5
23900,0.5
23903,0.5
23907,0.5
23908,0.5
23912,0.5
23916,0.5
23917,0.5
23918,0.5
23922,0.5
23928,0.5
23940,0.5
23944,0.5
23945,0.5
23951,0.5
23966,0.5
23970,0.5
23971,0.5
23976,0.5
23980,0.5
23987,0.5
23988,0.5
23993,0.5
23997,0.5
23998,0.5
23999,0.5
24010,0.5
24015,0.5
24023,0.5
24033,0.5
24046,0.5
24060,0.5
24062,0.5
24065,0.5
24070,0.5
24071,0.5
24073,0.5
24079,0.5
24082,0.5
24084,0.5
24089,0.5
24094,0.5
24100,0.5
24105,0.5
24106,0.5
24108,0.5
24111,0.5
24120,0.5
24125,0.5
24134,0.5
24140,0.5
24151,0.5
24153,0.5
24154,0.5
24161,0.5
24166,0.5
24170,0.5
24176,0.5
24182,0.5
24188,0.5
24190,0.5
24201,0.5
24211,0.5
24215,0.5
24216,0.5
24219,0.5
24222,0.5
24240,0.5
24243,0.5
24245,0.5
24251,0.5
24256,0.5
24258,0.5
24261,0.5
24263,0.5
24264,0.5
24266,0.5
24273,0.5
24278,0.5
24289,0.5
24292,0.5
24293,0.5
24298,0.5
24299,0.5
24303,0.5
24304,0.5
24305,0.5
24329,0.5
24341,0.5
24345,0.5
24353,0.5
24358,0.5
24364,0.5
24367,0.5
24370,0.5
24377,0.5
24380,0.5
24381,0.5
24387,0.5
24391,0.5
24409,0.5
24413,0.5
24416,0.5
24427,0.5
24439,0.5
24443,0.5
24448,0.5
24454,0.5
24455,0.5
24461,0.5
24464,0.5
24468,0.5
24469,0.5
24501,0.5
24508,0.5
24519,0.5
24520,0.5
24538,0.5
24540,0.5
24550,0.5
24552,0.5
24561,0.5
24577,0.5
24579,0.5
24580,0.5
24582,0.5
24591,0.5
24592,0.5
24599,0.5
24602,0.5
24606,0.5
24617,0.5
24619,0.5
24630,0.5
24633,0.5
24634,0.5
24638,0.5
24641,0.5
24644,0.5
24645,0.5
24656,0.5
24661,0.5
24663,0.5
24667,0.5
24669,0.5
24682,0.5
24698,0.5
24699,0.5
24702,0.5
24703,0.5
24717,0.5
24724,0.5
24731,0.5
24737,0.5
24740,0.5
24743,0.5
24744,0.5
24755,0.5
24757,0.5
24765,0.5
24766,0.5
24776,0.5
24787,0.5
24789,0.5
24791,0.5
24792,0.5
24804,0.5
24812,0.5
24816,0.5
24817,0.5
24820,0.5
24828,0.5
24832,0.5
24836,0.5
24842,0.5
24846,0.5
24847,0.5
24848,0.5
24851,0.5
24855,0.5
24856,0.5
24871,0.5
24874,0.5
24877,0.5
24889,0.5
24897,0.5
24899,0.5
24908,0.5
24913,0.5
24923,0.5
24933,0.5
24971,0.5
24973,0.5
24993,0.5
24998,0.5
25000,0.5
25001,0.5
25002,0.5
25003,0.5
25009,0.5
25024,0.5
25026,0.5
25027,0.5
25034,0.5
25050,0.5
25057,0.5
25067,0.5
25075,0.5
25081,0.5
25085,0.5
25093,0.5
25097,0.5
25103,0.5
25104,0.5
25109,0.5
25112,0.5
25113,0.5
25114,0.5
25119,0.5
25121,0.5
25122,0.5
25124,0.5
25131,0.5
25134,0.5
25144,0.5
25147,0.5
25148,0.5
25149,0.5
25155,0.5
25169,0.5
25177,0.5
25178,0.5
25179,0.5
25180,0.5
25191,0.5
25199,0.5
25232,0.5
25241,0.5
25242,0.5
25243,0.5
25246,0.5
25259,0.5
25265,0.5
25278,0.5
25280,0.5
25284,0.5
25286,0.5
25288,0.5
25318,0.5
25330,0.5
25333,0.5
25339,0.5
25340,0.5
25346,0.5
25349,0.5
25351,0.5
25361,0.5
25366,0.5
25368,0.5
25369,0.5
25370,0.5
25375,0.5
25376,0.5
25377,0.5
25379,0.5
25382,0.5
25386,0.5
25389,0.5
25399,0.5
25400,0.5
25401,0.5
25407,0.5
25409,0.5
25412,0.5
25416,0.5
25418,0.5
25423,0.5
25436,0.5
25439,0.5
25442,0.5
25445,0.5
25446,0.5
25453,0.5
25456,0.5
25458,0.5
25460,0.5
25461,0.5
25468,0.5
25470,0.5
25471,0.5
25482,0.5
25501,0.5
25504,0.5
25515,0.5
25518,0.5
25528,0.5
25533,0.5
25543,0.5
25548,0.5
25564,0.5
25572,0.5
25576,0.5
25577,0.5
25587,0.5
25591,0.5
25596,0.5
25598,0.5
25617,0.5
25618,0.5
25620,0.5
25623,0.5
25626,0.5
25628,0.5
25633,0.5
25637,0.5
25644,0.5
25662,0.5
25663,0.5
25673,0.5
25678,0.5
25685,0.5
25691,0.5
25706,0.5
25707,0.5
25723,0.5
25725,0.5
25735,0.5
25740,0.5
25759,0.5
25761,0.5
25769,0.5
25774,0.5
25779,0.5
25781,0.5
25784,0.5
25790,0.5
25796,0.5
25816,0.5
25847,0.5
25850,0.5
25852,0.5
25856,0.5
25866,0.5
25867,0.5
25868,0.5
25869,0.5
25877,0.5
25878,0.5
25890,0.5
25898,0.5
25899,0.5
25906,0.5
25907,0.5
25915,0.5
25932,0.5
25939,0.5
25946,0.5
25951,0.5
25959,0.5
25961,0.5
25964,0.5
25969,0.5
25980,0.5
25986,0.5
25992,0.5
25998,0.5
26000,0.5
26006,0.5
26009,0.5
26016,0.5
26023,0.5
26038,0.5
26041,0.5
26050,0.5
26051,0.5
26057,0.5
26060,0.5
26062,0.5
26067,0.5
26068,0.5
26072,0.5
26074,0.5
26075,0.5
26081,0.5
26108,0.5
26112,0.5
26113,0.5
26115,0.5
26122,0.5
26139,0.5
26162,0.5
26165,0.5
26173,0.5
26177,0.5
26179,0.5
26184,0.5
26190,0.5
26204,0.5
26205,0.5
26212,0.5
26215,0.5
26227,0.5
26232,0.5
26237,0.5
26246,0.5
26248,0.5
26249,0.5
26260,0.5
26263,0.5
26267,0.5
26269,0.5
26271,0.5
26273,0.5
26286,0.5
26297,0.5
26309,0.5
26313,0.5
26319,0.5
26329,0.5
26330,0.5
26333,0.5
26361,0.5
26366,0.5
26376,0.5
26378,0.5
26382,0.5
26389,0.5
26391,0.5
26401,0.5
26415,0.5
26419,0.5
26421,0.5
26422,0.5
26423,0.5
26424,0.5
26441,0.5
26442,0.5
26446,0.5
26447,0.5
26448,0.5
26451,0.5
26459,0.5
26465,0.5
26476,0.5
26481,0.5
26487,0.5
26501,0.5
26513,0.5
26517,0.5
26527,0.5
26534,0.5
26535,0.5
26545,0.5
26550,0.5
26558,0.5
26571,0.5
26573,0.5
26575,0.5
26578,0.5
26583,0.5
26590,0.5
26593,0.5
26602,0.5
26606,0.5
26613,0.5
26615,0.5
26618,0.5
26628,0.5
26630,0.5
26635,0.5
26645,0.5
26648,0.5
26651,0.5
26660,0.5
26663,0.5
26664,0.5
26665,0.5
26673,0.5
26675,0.5
26676,0.5
26677,0.5
26679,0.5
26687,0.5
26689,0.5
26697,0.5
26737,0.5
26747,0.5
26748,0.5
26749,0.5
26754,0.5
26759,0.5
26760,0.5
26765,0.5
26769,0.5
26771,0.5
26776,0.5
26778,0.5
26780,0.5
26783,0.5
26785,0.5
26800,0.5
26804,0.5
26812,0.5
26816,0.5
26823,0.5
26834,0.5
26836,0.5
26841,0.5
26845,0.5
26849,0.5
26854,0.5
26858,0.5
26860,0.5
26866,0.5
26871,0.5
26873,0.5
26905,0.5
26907,0.5
26920,0.5
26924,0.5
26930,0.5
26942,0.5
26944,0.5
26949,0.5
26952,0.5
26956,0.5
26973,0.5
26977,0.5
26993,0.5
26997,0.5
26999,0.5
27021,0.5
27023,0.5
27025,0.5
27027,0.5
27032,0.5
27034,0.5
27036,0.5
27045,0.5
27050,0.5
27051,0.5
27055,0.5
27056,0.5
27060,0.5
27061,0.5
27066,0.5
27070,0.5
27073,0.5
27077,0.5
27085,0.5
27086,0.5
27099,0.5
27105,0.5
27109,0.5
27125,0.5
27135,0.5
27139,0.5
27140,0.5
27141,0.5
27142,0.5
27144,0.5
27148,0.5
27154,0.5
27162,0.5
27175,0.5
27176,0.5
27178,0.5
27197,0.5
27204,0.5
27205,0.5
27206,0.5
27207,0.5
27216,0.5
27230,0.5
27234,0.5
27241,0.5
27249,0.5
27251,0.5
27252,0.5
27256,0.5
27257,0.5
27263,0.5
27268,0.5
27269,0.5
27276,0.5
27279,0.5
27288,0.5
27295,0.5
27299,0.5
27302,0.5
27304,0.5
27316,0.5
27318,0.5
27330,0.5
27333,0.5
27335,0.5
27339,0.5
27341,0.5
27342,0.5
27345,0.5
27347,0.5
27354,0.5
27361,0.5
27375,0.5
27387,0.5
27390,0.5
27392,0.5
27399,0.5
27403,0.5
27410,0.5
27423,0.5
27429,0.5
27432,0.5
27436,0.5
27437,0.5
27441,0.5
27444,0.5
27445,0.5
27448,0.5
27454,0.5
27459,0.5
27465,0.5
27478,0.5
27479,0.5
27481,0.5
27483,0.5
27486,0.5
27498,0.5
27505,0.5
27507,0.5
27509,0.5
27514,0.5
27527,0.5
27535,0.5
27544,0.5
27545,0.5
27556,0.5
27563,0.5
27569,0.5
27585,0.5
27589,0.5
27605,0.5
27608,0.5
27609,0.5
27611,0.5
27621,0.5
27626,0.5
27629,0.5
27645,0.5
27651,0.5
27654,0.5
27656,0.5
27663,0.5
27673,0.5
27677,0.5
27678,0.5
27680,0.5
27681,0.5
27684,0.5
27688,0.5
27706,0.5
27709,0.5
27720,0.5
27722,0.5
27733,0.5
27734,0.5
27739,0.5
27746,0.5
27751,0.5
27755,0.5
27777,0.5
27783,0.5
27795,0.5
27805,0.5
27811,0.5
27815,0.5
27823,0.5
27856,0.5
27873,0.5
27883,0.5
27885,0.5
27887,0.5
27899,0.5
27921,0.5
27924,0.5
27927,0.5
27929,0.5
27932,0.5
27943,0.5
27945,0.5
27952,0.5
27957,0.5
27960,0.5
27966,0.5
27968,0.5
27980,0.5
27984,0.5
27994,0.5
27995,0.5
28002,0.5
28004,0.5
28006,0.5
28028,0.5
28042,0.5
28043,0.5
28055,0.5
28061,0.5
28063,0.5
28077,0.5
28090,0.5
28093,0.5
28095,0.5
28096,0.5
28098,0.5
28099,0.5
28111,0.5
28115,0.5
28123,0.5
28125,0.5
28126,0.5
28129,0.5
28131,0.5
28139,0.5
28146,0.5
28153,0.5
28155,0.5
28160,0.5
28166,0.5
28167,0.5
28176,0.5
28185,0.5
28187,0.5
28195,0.5
28203,0.5
28206,0.5
28209,0.5
28210,0.5
28211,0.5
28216,0.5
28234,0.5
28235,0.5
28248,0.5
28255,0.5
28266,0.5
28277,0.5
28286,0.5
28288,0.5
28289,0.5
28290,0.5
28296,0.5
28300,0.5
28306,0.5
28307,0.5
28309,0.5
28327,0.5
28336,0.5
28345,0.5
28355,0.5
28361,0.5
28362,0.5
28374,0.5
28380,0.5
28381,0.5
28393,0.5
28394,0.5
28405,0.5
28413,0.5
28426,0.5
28428,0.5
28429,0.5
28442,0.5
28445,0.5
28457,0.5
28459,0.5
28462,0.5
28478,0.5
28490,0.5
28492,0.5
28499,0.5
28500,0.5
28506,0.5
28509,0.5
28513,0.5
28516,0.5
28519,0.5
28526,0.5
28527,0.5
28528,0.5
28533,0.5
28547,0.5
28551,0.5
28563,0.5
28566,0.5
28568,0.5
28580,0.5
28589,0.5
28590,0.5
28606,0.5
28613,0.5
28615,0.5
28619,0.5
28629,0.5
28633,0.5
28635,0.5
28646,0.5
28648,0.5
28651,0.5
28660,0.5
28681,0.5
28693,0.5
28696,0.5
28703,0.5
28709,0.5
28712,0.5
28718,0.5
28719,0.5
28727,0.5
28730,0.5
28732,0.5
28740,0.5
28747,0.5
28752,0.5
28757,0.5
28764,0.5
28765,0.5
28770,0.5
28772,0.5
28783,0.5
28786,0.5
28796,0.5
28799,0.5
28806,0.5
28807,0.5
28815,0.5
28818,0.5
28823,0.5
28824,0.5
28831,0.5
28834,0.5
28841,0.5
28848,0.5
28882,0.5
28884,0.5
28904,0.5
28907,0.5
28919,0.5
28920,0.5
28928,0.5
28935,0.5
28936,0.5
28945,0.5
28950,0.5
28957,0.5
28963,0.5
28974,0.5
28980,0.5
28988,0.5
28999,0.5
29001,0.5
29004,0.5
29006,0.5
29012,0.5
29018,0.5
29027,0.5
29030,0.5
29032,0.5
29039,0.5
29043,0.5
29056,0.5
29064,0.5
29068,0.5
29069,0.5
29074,0.5
29076,0.5
29085,0.5
29088,0.5
29091,0.5
29092,0.5
29093,0.5
29094,0.5
29108,0.5
29114,0.5
29115,0.5
29118,0.5
29125,0.5
29127,0.5
29150,0.5
29152,0.5
29155,0.5
29165,0.5
29167,0.5
29174,0.5
29180,0.5
29185,0.5
29190,0.5
29192,0.5
29194,0.5
29220,0.5
29231,0.5
29237,0.5
29240,0.5
29247,0.5
29256,0.5
29275,0.5
29278,0.5
29280,0.5
29286,0.5
29288,0.5
29305,0.5
29327,0.5
29329,0.5
29333,0.5
29335,0.5
29342,0.5
29344,0.5
29353,0.5
29358,0.5
29373,0.5
29392,0.5
29393,0.5
29395,0.5
29403,0.5
29405,0.5
29410,0.5
29423,0.5
29427,0.5
29429,0.5
29432,0.5
29440,0.5
29447,0.5
29448,0.5
29452,0.5
29455,0.5
29461,0.5
29466,0.5
29474,0.5
29476,0.5
29486,0.5
29494,0.5
29497,0.5
29505,0.5
29511,0.5
29516,0.5
29522,0.5
29523,0.5
29524,0.5
29529,0.5
29533,0.5
29535,0.5
29548,0.5
29551,0.5
29563,0.5
29574,0.5
29575,0.5
29592,0.5
29599,0.5
29608,0.5
29613,0.5
29620,0.5
29630,0.5
29637,0.5
29638,0.5
29643,0.5
29648,0.5
29657,0.5
29659,0.5
29662,0.5
29665,0.5
29699,0.5
29706,0.5
29715,0.5
29716,0.5
29717,0.5
29721,0.5
29731,0.5
29735,0.5
29739,0.5
29742,0.5
29747,0.5
29749,0.5
29754,0.5
29773,0.5
29777,0.5
29779,0.5
29783,0.5
29786,0.5
29805,0.5
29811,0.5
29812,0.5
29815,0.5
29819,0.5
29833,0.5
29847,0.5
29854,0.5
29856,0.5
29859,0.5
29864,0.5
29865,0.5
29867,0.5
29885,0.5
29894,0.5
29900,0.5
29910,0.5
29928,0.5
29942,0.5
29951,0.5
29953,0.5
29962,0.5
29968,0.5
29974,0.5
29980,0.5
29987,0.5
29993,0.5
30001,0.5
30005,0.5
30015,0.5
30034,0.5
30041,0.5
30044,0.5
30058,0.5
30061,0.5
30064,0.5
30065,0.5
30069,0.5
30074,0.5
30076,0.5
30080,0.5
30086,0.5
30087,0.5
30092,0.5
30093,0.5
30096,0.5
30097,0.5
30098,0.5
30102,0.5
30106,0.5
30110,0.5
30111,0.5
30122,0.5
30128,0.5
30130,0.5
30131,0.5
30132,0.5
30135,0.5
30137,0.5
30157,0.5
30158,0.5
30162,0.5
30170,0.5
30174,0.5
30195,0.5
30196,0.5
30204,0.5
30207,0.5
30209,0.5
30212,0.5
30221,0.5
30225,0.5
30229,0.5
30231,0.5
30233,0.5
30237,0.5
30239,0.5
30242,0.5
30244,0.5
30249,0.5
30262,0.5
30286,0.5
30292,0.5
30303,0.5
30320,0.5
30322,0.5
30355,0.5
30356,0.5
30372,0.5
30375,0.5
30379,0.5
30384,0.5
30386,0.5
30394,0.5
30395,0.5
30396,0.5
30397,0.5
30402,0.5
30413,0.5
30416,0.5
30420,0.5
30422,0.5
30432,0.5
30434,0.5
30438,0.5
30444,0.5
30446,0.5
30455,0.5
30457,0.5
30459,0.5
30463,0.5
30468,0.5
30477,0.5
30478,0.5
30481,0.5
30482,0.5
30487,0.5
30491,0.5
30496,0.5
30501,0.5
30506,0.5
30511,0.5
30513,0.5
30516,0.5
30520,0.5
30531,0.5
30542,0.5
30555,0.5
30557,0.5
30568,0.5
30570,0.5
30584,0.5
30594,0.5
30614,0.5
30617,0.5
30618,0.5
30631,0.5
30632,0.5
30634,0.5
30636,0.5
30637,0.5
30639,0.5
30647,0.5
30649,0.5
30656,0.5
30660,0.5
30665,0.5
30669,0.5
30681,0.5
30683,0.5
30687,0.5
30694,0.5
