x坐标, y坐标
0,0
0.5,0
1,-2.00E-05
1.5,-3.00E-05
2,-0.00013
2.5,-0.00028
3,-0.00038
3.5,-0.00054
4,-0.00053
4.5,-0.00067
5,-0.00071
5.5,-0.00029
6,-0.00018
6.5,-0.00033
7,-0.00031
7.5,-0.00047
8,-0.00063
8.5,-0.00027
9,-0.0003
9.5,0.00019
10,-0.00024
10.5,-0.00018
11,-0.00019
11.5,-0.00023
12,-0.00028
12.5,-0.00062
13,-0.00055
13.5,-0.00059
14,-0.0008
14.5,-0.00093
15,-0.00104
15.5,-0.00135
16,-0.0016
16.5,-0.0018
17,-0.00181
17.5,-0.00176
18,-0.00175
18.5,-0.00171
19,-0.00181
19.5,-0.00171
20,-0.00158
20.5,-0.00236
21,-0.00246
21.5,-0.00238
22,-0.00247
22.5,-0.00198
23,-0.0014
23.5,-0.00131
24,-0.00116
24.5,-0.0013
25,-0.0013
25.5,-0.0011
26,-0.00114
26.5,-0.00125
27,-0.00116
27.5,-0.00118
28,-0.00138
28.5,-0.00116
29,-0.00109
29.5,-0.00067
30,-0.00054
30.5,-0.0003
31,-0.0005
31.5,-0.00071
32,-0.00062
32.5,-0.00055
33,-0.00076
33.5,-0.00043
34,-0.00045
34.5,-0.00036
35,-0.00068
35.5,-0.00068
36,-0.00069
36.5,-0.00054
37,-0.00029
37.5,-0.00036
38,-0.0005
38.5,-0.0003
39,-0.00034
39.5,-6.00E-05
40,5.00E-05
40.5,-0.00014
41,-9.00E-05
41.5,-0.00036
42,-0.00049
42.5,-0.00027
43,-0.00044
43.5,-0.00015
44,-0.00015
44.5,-0.00022
45,-0.00017
45.5,-0.00032
46,-0.00031
46.5,-0.00025
47,0.00011
47.5,0.00036
48,0.00047
48.5,0.00033
49,0.00078
49.5,0.00094
50,0.00085
50.5,0.00105
51,0.00121
51.5,0.00126
52,0.00122
52.5,0.00139
53,0.0015
53.5,0.0021
54,0.00199
54.5,0.00221
55,0.002
55.5,0.00253
56,0.00247
56.5,0.00235
57,0.00298
57.5,0.00286
58,0.00361
58.5,0.00349
59,0.00344
59.5,0.00327
60,0.00331
60.5,0.00362
61,0.00369
61.5,0.00368
62,0.00334
62.5,0.00273
63,0.00243
63.5,0.00227
64,0.00198
64.5,0.00216
65,0.00219
65.5,0.00215
66,0.0021
66.5,0.00178
67,0.00144
67.5,0.00123
68,0.00108
68.5,0.00086
69,0.00129
69.5,0.00145
70,0.00146
70.5,0.00133
71,0.00105
71.5,0.00093
72,0.00061
72.5,0.00067
73,0.00083
73.5,0.00115
74,0.00156
74.5,0.00177
75,0.00146
75.5,0.00148
76,0.00128
76.5,0.00133
77,0.00091
77.5,0.00054
78,0.00027
78.5,0.00015
79,0.00027
79.5,0.00039
80,0.00041
80.5,0.00027
81,-5.00E-05
81.5,-0.00027
82,-2.00E-05
82.5,-0.00013
83,-0.00022
83.5,-0.0004
84,-0.00053
84.5,-0.00047
85,-0.00058
85.5,-0.00038
86,-0.00021
86.5,0.00015
87,-0.00011
87.5,-7.00E-05
88,-4.00E-05
88.5,-0.0004
89,-0.0008
89.5,-0.00105
90,-0.00084
90.5,-0.00045
91,-0.00033
91.5,-0.00031
92,-0.00076
92.5,-0.00069
93,-0.00063
93.5,-0.00076
94,-0.0007
94.5,-0.00093
95,-0.00129
95.5,-0.00123
96,-0.00148
96.5,-0.00134
97,-0.00135
97.5,-0.00171
98,-0.00147
98.5,-0.00142
99,-0.00143
99.5,-0.00139
100,-0.00171
100.5,-0.002
101,-0.00213
101.5,-0.00227
102,-0.00217
102.5,-0.00204
103,-0.00212
103.5,-0.00211
104,-0.00207
104.5,-0.00193
105,-0.00215
105.5,-0.00209
106,-0.00216
106.5,-0.00246
107,-0.00251
107.5,-0.00229
108,-0.00206
108.5,-0.00213
109,-0.00174
109.5,-0.0016
110,-0.00147
110.5,-0.00128
111,-0.00141
111.5,-0.00187
112,-0.00189
112.5,-0.00192
113,-0.00203
113.5,-0.00228
114,-0.00212
114.5,-0.00221
115,-0.00195
115.5,-0.00165
116,-0.00188
116.5,-0.00231
117,-0.0023
117.5,-0.00224
118,-0.00231
118.5,-0.00242
119,-0.0025
119.5,-0.00287
120,-0.00291
120.5,-0.0028
121,-0.00265
121.5,-0.0028
122,-0.00264
122.5,-0.00213
123,-0.00197
123.5,-0.00154
124,-0.00141
124.5,-0.00156
125,-0.00163
125.5,-0.00221
126,-0.00213
126.5,-0.00174
127,-0.00171
127.5,-0.0011
128,-0.001
128.5,-0.00126
129,-0.00074
129.5,-0.00068
130,-0.00043
130.5,-0.00054
131,-0.00032
131.5,-0.00017
132,-0.00028
132.5,-0.00023
133,-0.00022
133.5,-0.00055
134,-0.00058
134.5,-0.0007
135,-0.0007
135.5,-0.00076
136,-0.00071
136.5,-0.00049
137,-0.00054
137.5,-0.00072
138,-0.00081
138.5,-0.00052
139,-0.00066
139.5,-0.00043
140,-0.00055
140.5,-0.00076
141,-0.00093
141.5,-0.00078
142,-0.00125
142.5,-0.00121
143,-0.00157
143.5,-0.00158
144,-0.00143
144.5,-0.00127
145,-0.00103
145.5,-0.00126
146,-0.00119
146.5,-0.00136
147,-0.00122
147.5,-0.00094
148,-0.00032
148.5,-0.0004
149,-0.00029
149.5,-0.00024
150,-0.00034
150.5,-0.00031
151,-0.00036
151.5,-0.00042
152,-0.00039
152.5,-6.00E-05
153,0.00063
153.5,0.00045
154,0.00071
154.5,0.00029
155,0.00042
155.5,0.00039
156,0.00041
156.5,0.00038
157,0.00053
157.5,0.00056
158,0.0007
158.5,0.00081
159,0.00058
159.5,0.0004
160,0.00054
160.5,0.00095
161,0.00121
161.5,0.00143
162,0.00131
162.5,0.00136
163,0.00129
163.5,0.00151
164,0.00151
164.5,0.00181
165,0.00172
165.5,0.0017
166,0.00144
166.5,0.00138
167,0.00135
167.5,0.00146
168,0.00159
168.5,0.00189
169,0.00222
169.5,0.00237
170,0.00221
170.5,0.00208
171,0.00203
171.5,0.00183
172,0.00201
172.5,0.00214
173,0.00216
173.5,0.00214
174,0.00237
174.5,0.00212
175,0.00222
175.5,0.00256
176,0.00231
176.5,0.00225
177,0.00243
177.5,0.00208
178,0.00226
178.5,0.00193
179,0.00162
179.5,0.00133
180,0.00116
180.5,0.00114
181,0.00108
181.5,0.00086
182,0.00114
182.5,0.00133
183,0.00074
183.5,0.00076
184,0.00075
184.5,0.0007
185,0.0009
185.5,0.00098
186,0.00175
186.5,0.00211
187,0.00224
187.5,0.00193
188,0.00205
188.5,0.00197
189,0.00202
189.5,0.00189
190,0.00208
190.5,0.00225
191,0.00245
191.5,0.00259
192,0.00228
192.5,0.00224
193,0.00221
193.5,0.00235
194,0.00226
194.5,0.00236
195,0.00217
195.5,0.00193
196,0.00179
196.5,0.00159
197,0.00134
197.5,0.00158
198,0.00137
198.5,0.00152
199,0.00177
199.5,0.00191
200,0.00237
200.5,0.0026
201,0.00233
201.5,0.00278
202,0.00277
202.5,0.00275
203,0.00264
203.5,0.00249
204,0.00219
204.5,0.00169
205,0.00183
205.5,0.00149
206,0.00181
206.5,0.00172
207,0.00195
207.5,0.00194
208,0.00167
208.5,0.00162
209,0.00143
209.5,0.0013
210,0.00157
210.5,0.0017
211,0.0017
211.5,0.00176
212,0.00234
212.5,0.00254
213,0.00234
213.5,0.0022
214,0.00217
214.5,0.00224
215,0.00227
215.5,0.00239
216,0.0025
216.5,0.00174
217,0.00167
217.5,0.0014
218,0.00129
218.5,0.00148
219,0.00194
219.5,0.00199
220,0.00211
220.5,0.00181
221,0.00132
221.5,0.00123
222,0.001
222.5,0.00112
223,0.00109
223.5,0.00103
224,0.00083
224.5,0.0007
225,0.0003
225.5,0.00024
226,-3.00E-05
226.5,0.00029
227,0.0002
227.5,0.00029
228,0.00067
228.5,0.00078
229,0.0007
229.5,0.00075
230,0.00032
230.5,0.00036
231,0.00027
231.5,0.00041
232,0.00028
232.5,0.00017
233,-0.00022
233.5,-0.00053
234,-0.00028
234.5,-0.00063
235,-0.00021
235.5,-0.00033
236,-0.00034
236.5,-1.00E-05
237,-6.00E-05
237.5,-3.00E-05
238,-0.00014
238.5,-0.00021
239,-0.00032
239.5,-0.00016
240,-7.00E-05
240.5,3.00E-05
241,8.00E-05
241.5,0.00028
242,0.00029
242.5,0.00013
243,0.00035
243.5,8.00E-05
244,3.00E-05
244.5,0.00043
245,0.00069
245.5,0.00091
246,0.00069
246.5,0.00029
247,2.00E-05
247.5,0
248,6.00E-05
248.5,0.00047
249,0.00067
249.5,0.0006
250,0.00051
250.5,0.00038
251,0.00039
251.5,0.00045
252,0.00036
252.5,0.00024
253,0.00038
253.5,0.00053
254,0.00074
254.5,0.00079
255,0.00076
255.5,0.00089
256,0.00103
256.5,0.00172
257,0.00175
257.5,0.00176
258,0.00177
258.5,0.00172
259,0.00175
259.5,0.00148
260,0.00085
260.5,0.00106
261,0.00123
261.5,0.00144
262,0.00128
262.5,0.00082
263,0.0006
263.5,0.00054
264,0.00084
264.5,0.00097
265,0.00067
265.5,0.00037
266,-0.00029
266.5,-0.00058
267,-0.00089
267.5,-0.00118
268,-0.00109
268.5,-0.0012
269,-0.00146
269.5,-0.0016
270,-0.00156
270.5,-0.00157
271,-0.00168
271.5,-0.00215
272,-0.00235
272.5,-0.00248
273,-0.00283
273.5,-0.00315
274,-0.00316
274.5,-0.00355
275,-0.00341
275.5,-0.00317
276,-0.00303
276.5,-0.00288
277,-0.00285
277.5,-0.0029
278,-0.00262
278.5,-0.00213
279,-0.00226
279.5,-0.00222
280,-0.00206
280.5,-0.00199
281,-0.00195
281.5,-0.00171
282,-0.00187
282.5,-0.0015
283,-0.00179
283.5,-0.00183
284,-0.00231
284.5,-0.00284
285,-0.00254
285.5,-0.00259
286,-0.00245
286.5,-0.00242
287,-0.00211
287.5,-0.00149
288,-0.00145
288.5,-0.00151
289,-0.00164
289.5,-0.00198
290,-0.002
290.5,-0.00205
291,-0.0021
291.5,-0.00197
292,-0.00218
292.5,-0.002
293,-0.0018
293.5,-0.00142
294,-0.00128
294.5,-0.00091
295,-0.00073
295.5,-0.0006
296,-0.00125
296.5,-0.00156
297,-0.00164
297.5,-0.00163
298,-0.00167
298.5,-0.00198
299,-0.0017
299.5,-0.0016
300,-0.00178
300.5,-0.00142
301,-0.00089
301.5,-0.00069
302,-0.00086
302.5,-0.00108
303,-0.00118
303.5,-0.00098
304,-0.00146
304.5,-0.00146
305,-0.00218
305.5,-0.00227
306,-0.00213
306.5,-0.00208
307,-0.00183
307.5,-0.00206
308,-0.00177
308.5,-0.00216
309,-0.00225
309.5,-0.00229
310,-0.00191
310.5,-0.00163
311,-0.00162
311.5,-0.00143
312,-0.00162
312.5,-0.00163
313,-0.00178
313.5,-0.00176
314,-0.00161
314.5,-0.00137
315,-0.00069
315.5,-0.00038
316,6.00E-05
316.5,0.00033
317,0.00056
317.5,0.00046
318,0.00055
318.5,0.00076
319,0.00081
319.5,0.00088
320,0.00113
320.5,0.00102
321,0.00115
321.5,0.00094
322,0.00104
322.5,0.00091
323,0.00078
323.5,0.00034
324,0.00018
324.5,0.00015
325,2.00E-05
325.5,-0.00015
326,0.0002
326.5,0.00031
327,0.00062
327.5,0.0011
328,0.00152
328.5,0.00175
329,0.00184
329.5,0.0015
330,0.00159
330.5,0.00175
331,0.00169
331.5,0.00208
332,0.00221
332.5,0.00197
333,0.00228
333.5,0.00211
334,0.00158
334.5,0.00151
335,0.00134
335.5,0.00122
336,0.00139
336.5,0.00136
337,0.00135
337.5,0.0017
338,0.00104
338.5,0.0007
339,0.00015
339.5,-0.0004
340,-0.00019
340.5,-6.00E-05
341,0.00017
341.5,0.00049
342,0.00043
342.5,0.00055
343,0.00038
343.5,0.00021
344,0.0002
344.5,0.00022
345,0.00018
345.5,0.00052
346,0.00071
346.5,0.00045
347,0.00044
347.5,0.00039
348,8.00E-05
348.5,0.00038
349,0.00041
349.5,0.00051
350,0.00041
350.5,0.00039
351,0.00049
351.5,0.00018
352,0.00026
352.5,0.00014
353,0.00018
353.5,0.0004
354,0.00035
354.5,0.00023
355,0.00014
355.5,0.00041
356,6.00E-05
356.5,0.00028
357,0.0003
357.5,0.00045
358,0.00043
358.5,0.00079
359,0.00058
359.5,0.00056
360,0.00067
360.5,0.00087
361,0.00137
361.5,0.00179
362,0.00162
362.5,0.00156
363,0.00099
363.5,0.00078
364,0.00096
364.5,0.00084
365,0.00084
365.5,0.00084
366,0.00027
366.5,0.00025
367,0.00043
367.5,0.00061
368,0.00083
368.5,0.00085
369,0.00105
369.5,0.00083
370,0.00091
370.5,0.00137
371,0.00159
371.5,0.00161
372,0.00181
372.5,0.00156
373,0.0014
373.5,0.00118
374,0.00089
374.5,0.00064
375,0
375.5,0.00022
376,0.00051
376.5,0.00026
377,0.00044
377.5,0.00014
378,0.0001
378.5,-5.00E-05
379,-0.00021
379.5,-0.00034
380,-0.00043
380.5,-0.00061
381,-0.0003
381.5,-0.00014
382,0.00037
382.5,0.00036
383,0.00045
383.5,0.00016
384,6.00E-05
384.5,9.00E-05
385,0.00021
385.5,-0.00019
386,0
386.5,-7.00E-05
387,6.00E-05
387.5,-0.00012
388,0.0004
388.5,0.00051
389,0.00043
389.5,0.00041
390,3.00E-05
390.5,-2.00E-05
391,0.00013
391.5,-0.00011
392,-1.00E-05
392.5,-0.00036
393,-0.00021
393.5,-0.00013
394,-0.00012
394.5,5.00E-05
395,-0.00015
395.5,-0.00026
396,-0.0007
396.5,-0.00078
397,-0.00088
397.5,-0.00107
398,-0.00102
398.5,-0.00073
399,-0.0008
399.5,-0.00046
400,-8.00E-05
400.5,0.00023
401,0.00019
401.5,0.00027
402,0
402.5,0.00046
403,0.0009
403.5,0.00101
404,0.00088
404.5,0.00047
405,0.00024
405.5,-0.00014
406,-0.00034
406.5,-0.00053
407,-0.00059
407.5,-0.00077
408,-0.00111
408.5,-0.00181
409,-0.00231
409.5,-0.00253
410,-0.00254
410.5,-0.00227
411,-0.00165
411.5,-0.00167
412,-0.00139
412.5,-0.00124
413,-0.00133
413.5,-0.00115
414,-0.00146
414.5,-0.00114
415,-0.00106
415.5,-0.00093
416,-0.00059
416.5,-0.00035
417,9.00E-05
417.5,-8.00E-05
418,-0.00015
418.5,9.00E-05
419,-0.00012
419.5,-0.00045
420,-0.00016
420.5,-0.00017
421,-9.00E-05
421.5,-0.0001
422,-0.00048
422.5,-0.00076
423,-0.00075
423.5,-0.00104
424,-0.00075
424.5,-0.00082
425,-0.00059
425.5,-0.00011
426,-0.00017
426.5,0.0005
427,0.00102
427.5,0.00078
428,0.00094
428.5,0.00105
429,0.00119
429.5,0.00127
430,0.00074
430.5,0.00104
431,0.00103
431.5,0.00152
432,0.00149
432.5,0.00136
433,0.00146
433.5,0.00126
434,0.00152
434.5,0.00177
435,0.00161
435.5,0.00132
436,0.00102
436.5,0.00075
437,0.00064
437.5,0.00054
438,0.001
438.5,0.0014
439,0.00107
439.5,0.00108
440,0.0009
440.5,0.00103
441,0.0011
441.5,0.001
442,0.0012
442.5,0.00132
443,0.001
443.5,0.00096
444,0.00093
444.5,0.00075
445,0.00039
445.5,0.00049
446,0.00045
446.5,0.00047
447,8.00E-05
447.5,0.00041
448,0.00061
448.5,0.00057
449,0.00084
449.5,0.00082
450,0.00067
450.5,0.00078
451,0.00082
451.5,0.001
452,0.00086
452.5,0.00048
453,7.00E-05
453.5,0.00014
454,3.00E-05
454.5,-0.00039
455,2.00E-05
455.5,8.00E-05
456,-0.00038
456.5,-0.00063
457,-0.00078
457.5,-0.00107
458,-0.00072
458.5,-0.00065
459,-0.00038
459.5,-0.00026
460,-0.00047
460.5,-0.00016
461,-0.00011
461.5,-0.00027
462,1.00E-05
462.5,0.00011
463,0.00026
463.5,0.00043
464,0.00068
464.5,0.00117
465,0.00082
465.5,0.00043
466,0.0003
466.5,-0.00028
467,-0.00022
467.5,-0.00032
468,-0.00027
468.5,-0.00074
469,-0.00094
469.5,-0.00122
470,-0.0012
470.5,-0.0011
471,-0.00099
471.5,-0.00103
472,-0.00065
472.5,-0.00059
473,-0.00024
473.5,-0.00033
474,-0.00061
474.5,-0.00072
475,-0.00097
475.5,-0.001
476,-0.00111
476.5,-0.00094
477,-0.00071
477.5,-0.00062
478,-0.00057
478.5,-0.00052
479,-0.00054
479.5,-7.00E-05
480,0.00013
480.5,0.00016
481,0.00033
481.5,0.00068
482,0.00054
482.5,0.00046
483,0.00035
483.5,0.00015
484,-4.00E-05
484.5,-0.00042
485,-0.00049
485.5,-0.00046
486,-0.00062
486.5,-0.0006
487,-0.00037
487.5,-0.00067
488,-0.00071
488.5,-0.00096
489,-0.00083
489.5,-0.00076
490,-0.00082
490.5,-0.00031
491,-0.00045
491.5,-0.00062
492,-0.00067
492.5,-0.00071
493,-0.00051
493.5,-0.00013
494,-6.00E-05
494.5,0.00017
495,3.00E-05
495.5,0.00016
496,7.00E-05
496.5,-0.00011
497,-0.0002
497.5,0
498,0.00046
498.5,0.00033
499,0.00052
499.5,0.0004
500,0.00037
500.5,5.00E-05
501,0.00021
501.5,-2.00E-05
502,-0.00029
502.5,-0.00015
503,1.00E-05
503.5,0.00015
504,0.00021
504.5,-0.00017
505,-0.00025
505.5,-0.00053
506,-0.00049
506.5,-0.00019
507,9.00E-05
507.5,-0.00031
508,-0.00038
508.5,-0.00059
509,-0.00094
509.5,-0.00088
510,-0.00087
510.5,-0.00079
511,-0.00067
511.5,-0.00071
512,-0.00041
512.5,-0.00017
513,-4.00E-05
513.5,0
514,-4.00E-05
514.5,-0.00014
515,-0.00011
515.5,8.00E-05
516,0.0002
516.5,0.00049
517,0.00056
517.5,5.00E-05
518,-0.00016
518.5,-0.00016
519,0.00022
519.5,0.00031
520,0.00042
520.5,0.00058
521,0.00096
521.5,0.00138
522,0.00159
522.5,0.00135
523,0.00144
523.5,0.00128
524,0.00102
524.5,0.00095
525,0.00128
525.5,0.00079
526,0.00069
526.5,0.00053
527,0.00057
527.5,0.00037
528,0.00045
528.5,0.00053
529,0.00075
529.5,0.00054
530,0.00042
530.5,0.00043
531,0.00028
531.5,0.00028
532,0.00049
532.5,0.0007
533,0.00074
533.5,0.00104
534,0.00111
534.5,0.0009
535,0.00083
535.5,0.00086
536,0.00107
536.5,0.00061
537,0.00075
537.5,0.00098
538,0.00126
538.5,0.00139
539,0.00128
539.5,0.00068
540,0.00072
540.5,0.00086
541,0.00081
541.5,0.00085
542,0.0011
542.5,0.001
543,0.00108
543.5,0.00065
544,0.00033
544.5,6.00E-05
545,0.00011
545.5,0.00026
546,0.00028
546.5,0.00031
547,9.00E-05
547.5,-0.00012
548,-0.0001
548.5,0.00035
549,0.00012
549.5,-0.00013
550,-0.00026
550.5,-0.00018
551,0.00018
551.5,0.00037
552,0.00068
552.5,0.00089
553,0.00127
553.5,0.00104
554,0.00135
554.5,0.00134
555,0.00165
555.5,0.00157
556,0.00197
556.5,0.00203
557,0.00191
557.5,0.00178
558,0.00167
558.5,0.00184
559,0.00166
559.5,0.00179
560,0.00172
560.5,0.00185
561,0.00182
561.5,0.00166
562,0.00147
562.5,0.00142
563,0.00133
563.5,0.00126
564,0.0017
564.5,0.00165
565,0.0016
565.5,0.00159
566,0.00095
566.5,0.00064
567,0.00056
567.5,0.00061
568,0.00071
568.5,0.00079
569,0.00102
569.5,0.00082
570,0.00056
570.5,0.00055
571,0.00046
571.5,0.00038
572,0.00068
572.5,0.00095
573,0.00117
573.5,0.0012
574,0.00112
574.5,0.00128
575,0.00129
575.5,0.00093
576,0.00084
576.5,0.0009
577,0.00105
577.5,0.00131
578,0.00111
578.5,0.00077
579,0.00048
579.5,0.00067
580,0.00093
580.5,0.00087
581,0.00091
581.5,0.00098
582,0.00085
582.5,0.0004
583,0.0005
583.5,0.00087
584,0.00096
584.5,0.00066
585,0.00073
585.5,0.00052
586,0.00048
586.5,0.00071
587,0.00085
587.5,0.00069
588,0.00052
588.5,0.00026
589,-0.00029
589.5,-0.00062
590,-0.0005
590.5,0.0001
591,8.00E-05
591.5,4.00E-05
592,0
592.5,-0.00032
593,-0.00025
593.5,-0.00035
594,-0.00031
594.5,-0.00042
595,-0.00052
595.5,-0.00066
596,-0.0008
596.5,-0.00051
597,-0.00023
597.5,-8.00E-05
598,1.00E-05
598.5,0.00012
599,-0.0001
599.5,-0.0001
600,-3.00E-05
600.5,-0.00023
601,-7.00E-05
601.5,-0.00014
602,-0.00076
602.5,-0.00088
603,-0.00053
603.5,-0.00039
604,-0.00032
604.5,-5.00E-05
605,-0.00063
605.5,-0.0008
606,-0.00101
606.5,-0.00076
607,-0.00032
607.5,0.0004
608,0.00042
608.5,0.00053
609,0.00025
609.5,-0.00019
610,-7.00E-05
610.5,0.0003
611,0.00014
611.5,-0.00019
612,-0.00051
612.5,-0.0005
613,-0.00016
613.5,-6.00E-05
614,-0.00026
614.5,-0.00054
615,-0.00083
615.5,-0.00058
616,-4.00E-05
616.5,0.0004
617,0.00106
617.5,0.00094
618,0.00103
618.5,0.00099
619,0.00091
619.5,0.00075
620,0.0006
620.5,0.00025
621,9.00E-05
621.5,0.00025
622,0.00016
622.5,0.00029
623,0.00053
623.5,0.00098
624,0.00129
624.5,0.00146
625,0.00127
625.5,0.00128
626,0.00143
626.5,0.00095
627,0.00074
627.5,0.00019
628,-0.00015
628.5,-8.00E-05
629,-9.00E-05
629.5,-0.00024
630,-0.00048
630.5,-0.00067
631,-0.00069
631.5,-0.00054
632,-0.00064
632.5,-0.0003
633,-0.00023
633.5,-0.00047
634,-0.00082
634.5,-0.00104
635,-0.00131
635.5,-0.00085
636,-0.00065
636.5,-0.00042
637,-0.00065
637.5,-0.00042
638,0.00014
638.5,0.00054
639,0.00101
639.5,0.00114
640,0.00069
640.5,0.00028
641,0.0005
641.5,0.00044
642,0.00096
642.5,0.00116
643,0.00128
643.5,0.00144
644,0.00073
644.5,0.00028
645,2.00E-05
645.5,-0.00017
646,-4.00E-05
646.5,6.00E-05
647,9.00E-05
647.5,-0.00034
648,-0.00021
648.5,-7.00E-05
649,7.00E-05
649.5,9.00E-05
650,-0.00028
650.5,-0.00072
651,-0.00062
651.5,-0.00093
652,-0.0008
652.5,-0.00085
653,-0.00076
653.5,-0.00093
654,-0.00086
654.5,-0.00067
655,-0.00031
655.5,-0.00036
656,-0.00013
656.5,-0.00053
657,-0.00046
657.5,-0.00038
658,-0.00039
658.5,-0.00011
659,0.00039
659.5,0.00068
660,0.00078
660.5,0.00059
661,0.00067
661.5,0.00061
662,0.0003
662.5,0.00055
663,0.00064
663.5,0.00105
664,0.00143
664.5,0.00159
665,0.00185
665.5,0.00185
666,0.00209
666.5,0.00182
667,0.0017
667.5,0.00153
668,0.00163
668.5,0.0014
669,0.00128
669.5,0.00114
670,0.00139
670.5,0.00099
671,0.00106
671.5,0.00088
672,0.00076
672.5,0.00074
673,0.00064
673.5,0.00039
674,0.00037
674.5,7.00E-05
675,4.00E-05
675.5,-0.00015
676,-0.00012
676.5,-0.00016
677,-5.00E-05
677.5,0.00024
678,0.00028
678.5,2.00E-05
679,-0.00042
679.5,-0.00097
680,-0.00098
680.5,-0.00078
681,-0.0006
681.5,-0.00021
682,-0.00035
682.5,-0.00036
683,-0.00044
683.5,-0.00031
684,-0.00073
684.5,-0.0004
685,-0.00045
685.5,2.00E-05
686,0.00039
686.5,0.00037
687,0.00056
687.5,0.00048
688,9.00E-05
688.5,-0.00027
689,-0.0002
689.5,-0.00022
690,-0.00035
690.5,-0.00027
691,-0.00051
691.5,-0.00052
692,-0.00057
692.5,-0.00061
693,-0.00067
693.5,-0.00024
694,-8.00E-05
694.5,0
695,-3.00E-05
695.5,-5.00E-05
696,-0.00026
696.5,-0.00019
697,-0.0001
697.5,0.00032
698,0.00066
698.5,0.00075
699,0.00064
699.5,0.00046
700,0.00031
700.5,5.00E-05
701,3.00E-05
701.5,0.00015
702,9.00E-05
702.5,0.00032
703,0.00028
703.5,0.00052
704,0.00035
704.5,0.0004
705,0.00015
705.5,0.0002
706,-0.00033
706.5,-0.00037
707,-0.00033
707.5,-0.00031
708,-0.00056
708.5,-0.00103
709,-0.00109
709.5,-0.0012
710,-0.00146
710.5,-0.00136
711,-0.00149
711.5,-0.00158
712,-0.00178
712.5,-0.00159
713,-0.00138
713.5,-0.00069
714,-0.00052
714.5,-0.00033
715,-0.00021
715.5,-0.0002
716,-0.00048
716.5,-0.00056
717,-0.00091
717.5,-0.00099
718,-0.00118
718.5,-0.00147
719,-0.00152
719.5,-0.00152
720,-0.0022
720.5,-0.00244
721,-0.00274
721.5,-0.00293
722,-0.00279
722.5,-0.00227
723,-0.00234
723.5,-0.00228
724,-0.00249
724.5,-0.00266
725,-0.0028
725.5,-0.00237
726,-0.00215
726.5,-0.00224
727,-0.00209
727.5,-0.00244
728,-0.00237
728.5,-0.00227
729,-0.00237
729.5,-0.00229
730,-0.00164
730.5,-0.00146
731,-0.00168
731.5,-0.00194
732,-0.0018
732.5,-0.00155
733,-0.00145
733.5,-0.00167
734,-0.00178
734.5,-0.00237
735,-0.00224
735.5,-0.00198
736,-0.00208
736.5,-0.00179
737,-0.00185
737.5,-0.00169
738,-0.00189
738.5,-0.00198
739,-0.00184
739.5,-0.00167
740,-0.00163
740.5,-0.00172
741,-0.00232
741.5,-0.00246
742,-0.00195
742.5,-0.00183
743,-0.00167
743.5,-0.00166
744,-0.00179
744.5,-0.00213
745,-0.00186
745.5,-0.00167
746,-0.00165
746.5,-0.00164
747,-0.00153
747.5,-0.00152
748,-0.00145
748.5,-0.00117
749,-0.00094
749.5,-0.00128
750,-0.00119
750.5,-0.00141
751,-0.00142
751.5,-0.00111
752,-0.00092
752.5,-0.0007
753,-0.00047
753.5,-0.00072
754,-0.00056
754.5,-0.00033
755,0
755.5,0.0003
756,0.00057
756.5,0.00059
757,0.00054
757.5,0.00101
758,0.00115
758.5,0.00117
759,0.00104
759.5,0.00124
760,0.00096
760.5,0.00111
761,0.00136
761.5,0.00122
762,0.00113
762.5,0.00129
763,0.00085
763.5,0.00045
764,0.00075
764.5,0.00097
765,0.00116
765.5,0.00117
766,0.00104
766.5,0.00134
767,0.00094
767.5,0.0008
768,0.00084
768.5,0.00075
769,0.00064
769.5,0.00097
770,0.00122
770.5,0.00122
771,0.00096
771.5,0.00045
772,0.0006
772.5,3.00E-05
773,-0.00012
773.5,-0.0005
774,-0.00067
774.5,-0.00072
775,-0.00052
775.5,-0.00104
776,-0.0011
776.5,-0.00178
777,-0.0019
777.5,-0.00169
778,-0.00129
778.5,-0.00114
779,-0.00129
779.5,-0.00141
780,-0.00196
780.5,-0.0022
781,-0.00213
781.5,-0.002
782,-0.00168
782.5,-0.00142
783,-0.00155
783.5,-0.00098
784,-0.00125
784.5,-0.00122
785,-0.001
785.5,-0.00086
786,-0.00091
786.5,-0.00105
787,-0.001
787.5,-0.00147
788,-0.00151
788.5,-0.0019
789,-0.0021
789.5,-0.00193
790,-0.00226
790.5,-0.00255
791,-0.00269
791.5,-0.00241
792,-0.00257
792.5,-0.00271
793,-0.00245
793.5,-0.00248
794,-0.00221
794.5,-0.00232
795,-0.0025
795.5,-0.00253
796,-0.00302
796.5,-0.00325
797,-0.00338
797.5,-0.00324
798,-0.00266
798.5,-0.00244
799,-0.00268
799.5,-0.00269
800,-0.0029
800.5,-0.00266
801,-0.00232
801.5,-0.00242
802,-0.00235
802.5,-0.00218
803,-0.00223
803.5,-0.00183
804,-0.00149
804.5,-0.00145
805,-0.00167
805.5,-0.00158
806,-0.00167
806.5,-0.00144
807,-0.00129
807.5,-0.00089
808,-0.0011
808.5,-0.00074
809,-0.0005
809.5,-0.0005
810,4.00E-05
810.5,-0.00013
811,-0.00058
811.5,-0.001
812,-0.00102
812.5,-0.00079
813,-0.00046
813.5,-0.00013
814,-0.00019
814.5,-0.00033
815,-0.00067
815.5,-0.00059
816,-0.00057
816.5,-0.00062
817,-0.00069
817.5,-0.00045
818,-0.0001
818.5,0.00022
819,0.00051
819.5,0.00038
820,0.00014
820.5,0.00018
821,9.00E-05
821.5,0.00014
822,0.00034
822.5,0.00032
823,0.00019
823.5,0.00048
824,0.00066
824.5,0.00092
825,0.00081
825.5,0.00108
826,0.00096
826.5,0.00103
827,0.001
827.5,0.00083
828,0.00047
828.5,0.00045
829,0.00044
829.5,0.00051
830,0.00064
830.5,0.00066
831,0.00075
831.5,0.00078
832,0.0005
832.5,0.00055
833,0.00043
833.5,0.00035
834,0.0004
834.5,0.00093
835,0.0013
835.5,0.00143
836,0.00168
836.5,0.00178
837,0.00182
837.5,0.00167
838,0.00147
838.5,0.00158
839,0.00152
839.5,0.00164
840,0.00184
840.5,0.00162
841,0.00104
841.5,0.00099
842,0.00111
842.5,0.00135
843,0.0018
843.5,0.00138
844,0.00098
844.5,0.00055
845,0.00075
845.5,0.00042
846,0.00031
846.5,0.00026
847,0.00012
847.5,-6.00E-05
848,0.00018
848.5,0.0003
849,0.00061
849.5,0.00067
850,0.00101
850.5,0.00042
851,-0.00012
851.5,0.00017
852,0.00041
852.5,0.00083
853,0.00089
853.5,0.00078
854,0.0005
854.5,0.00041
855,0.00025
855.5,0.00036
856,0.00023
856.5,0.00036
857,0.00054
857.5,0.00038
858,0.00037
858.5,0.0003
859,0.00015
859.5,0.00022
860,0.00052
860.5,0.00082
861,0.00119
861.5,0.00146
862,0.00125
862.5,0.00187
863,0.00171
863.5,0.00178
864,0.00161
864.5,0.0014
865,0.00162
865.5,0.00162
866,0.00146
866.5,0.00129
867,0.00113
867.5,0.00084
868,0.00092
868.5,0.00088
869,0.00043
869.5,7.00E-05
870,-0.0003
870.5,-0.00038
871,-0.00013
871.5,-0.00016
872,-0.0002
872.5,-0.00045
873,-0.00076
873.5,-0.0007
874,-0.00076
874.5,-0.0006
875,-0.00052
875.5,-0.00088
876,-0.00131
876.5,-0.00138
877,-0.00178
877.5,-0.00169
878,-0.00165
878.5,-0.00168
879,-0.0016
879.5,-0.00147
880,-0.00157
880.5,-0.00149
881,-0.00155
881.5,-0.00154
882,-0.00136
882.5,-0.00132
883,-0.00122
883.5,-0.00096
884,-0.00116
884.5,-0.00158
885,-0.00165
885.5,-0.00204
886,-0.002
886.5,-0.00167
887,-0.00169
887.5,-0.0013
888,-0.00088
888.5,-0.00058
889,-0.00031
889.5,-8.00E-05
890,7.00E-05
890.5,0.00034
891,0.00014
891.5,-6.00E-05
892,-0.00029
892.5,-0.00023
893,0.00024
893.5,0.00045
894,0.00063
894.5,0.00059
895,0.00059
895.5,0.00053
896,-4.00E-05
896.5,1.00E-05
897,0.00014
897.5,0.00067
898,0.00091
898.5,0.00124
899,0.00145
899.5,0.00123
900,0.00133
900.5,0.00123
901,0.00134
901.5,0.00134
902,0.00118
902.5,0.00123
903,0.0015
903.5,0.00176
904,0.00178
904.5,0.0018
905,0.00195
905.5,0.00139
906,0.00139
906.5,0.00109
907,0.00134
907.5,0.00161
908,0.00164
908.5,0.0015
909,0.00153
909.5,0.00166
910,0.00185
910.5,0.00172
911,0.00162
911.5,0.0012
912,0.00032
912.5,0.00014
913,-0.00014
913.5,0.00022
914,0.00056
914.5,0.0004
915,0.00012
915.5,0.00014
916,-5.00E-05
916.5,0
917,0.00011
917.5,9.00E-05
918,0.00033
918.5,0.00047
919,0.00048
919.5,0.00075
920,0.00036
920.5,0.00054
921,0.00022
921.5,3.00E-05
922,-7.00E-05
922.5,-0.0002
923,-0.00049
923.5,-0.00078
924,-0.00057
924.5,-0.00018
925,-0.00034
925.5,-6.00E-05
926,0.00032
926.5,0.00066
927,0.00084
927.5,0.00099
928,0.00112
928.5,0.00138
929,0.00171
929.5,0.0021
930,0.00234
930.5,0.00234
931,0.00194
931.5,0.00147
932,0.00157
932.5,0.0019
933,0.00211
933.5,0.00218
934,0.00221
934.5,0.00182
935,0.00167
935.5,0.0016
936,0.00126
936.5,0.00138
937,0.00105
937.5,0.00108
938,0.00085
938.5,0.00086
939,0.00077
939.5,0.00047
940,0.00048
940.5,0.00027
941,0.0001
941.5,-4.00E-05
942,-0.00024
942.5,-9.00E-05
943,0.00018
943.5,0.00034
944,0.00037
944.5,0.00013
945,0.00034
945.5,0.00055
946,0.00074
946.5,0.00073
947,0.00099
947.5,0.00055
948,0.0003
948.5,0.00037
949,0.00049
949.5,0.00058
950,0.00072
950.5,0.0004
951,0.00011
951.5,-0.0002
952,-0.00043
952.5,-0.00039
953,-0.00032
953.5,-0.0002
954,-0.00051
954.5,-0.00056
955,-0.00074
955.5,-0.00103
956,-0.00117
956.5,-0.0009
957,-0.0008
957.5,-0.00088
958,-0.0009
958.5,-0.00074
959,-0.00066
959.5,-0.00079
960,-0.00089
960.5,-0.00071
961,-0.0008
961.5,-0.00114
962,-0.0011
962.5,-0.0012
963,-0.00187
963.5,-0.00211
964,-0.00187
964.5,-0.00174
965,-0.00221
965.5,-0.00196
966,-0.00179
966.5,-0.00197
967,-0.00192
967.5,-0.00182
968,-0.00177
968.5,-0.00201
969,-0.00205
969.5,-0.00194
970,-0.00192
970.5,-0.00174
971,-0.00141
971.5,-0.00108
972,-0.00089
972.5,-0.0006
973,-0.00044
973.5,-0.00092
974,-0.00115
974.5,-0.00143
975,-0.0012
975.5,-0.00127
976,-0.0015
976.5,-0.0017
977,-0.00189
977.5,-0.00174
978,-0.00137
978.5,-0.00083
979,-0.00057
979.5,-8.00E-05
980,2.00E-05
980.5,-0.00027
981,-0.00026
981.5,-0.00047
982,-0.0005
982.5,-0.00064
983,-0.00054
983.5,-0.00069
984,-0.00067
984.5,-0.00011
985,-9.00E-05
985.5,-8.00E-05
986,-0.00029
986.5,-0.00052
987,-0.00023
987.5,-0.00017
988,0.00039
988.5,0.00019
989,0.00054
989.5,0.00037
990,0.0003
990.5,0.00037
991,0.00023
991.5,0.00022
992,-0.0001
992.5,-0.00018
993,-0.00014
993.5,-0.00022
994,4.00E-05
994.5,-0.00022
995,-0.0002
995.5,-0.0001
996,-0.00035
996.5,0
997,0.00051
997.5,0.00061
998,0.00121
998.5,0.00132
999,0.00145
999.5,0.0017
1000,0.00185
1000.5,0.00145
1001,0.00138
1001.5,0.00139
1002,0.00157
1002.5,0.00172
1003,0.00195
1003.5,0.00211
1004,0.00214
1004.5,0.00225
1005,0.00225
1005.5,0.00254
1006,0.00225
1006.5,0.00221
1007,0.00163
1007.5,0.00133
1008,0.00118
1008.5,0.00108
1009,0.00133
1009.5,0.00116
1010,0.00157
1010.5,0.0018
1011,0.0018
1011.5,0.0014
1012,0.00137
1012.5,0.00129
1013,0.00137
1013.5,0.00154
1014,0.00187
1014.5,0.00193
1015,0.00228
1015.5,0.00199
1016,0.00195
1016.5,0.0019
1017,0.00175
1017.5,0.00142
1018,0.00191
1018.5,0.00221
1019,0.00237
1019.5,0.00223
1020,0.00219
1020.5,0.00241
1021,0.0025
1021.5,0.00226
1022,0.00179
1022.5,0.00155
1023,0.00169
1023.5,0.00176
1024,0.00185
1024.5,0.00179
1025,0.00171
1025.5,0.00142
1026,0.00192
1026.5,0.00204
1027,0.00206
1027.5,0.0023
1028,0.00229
1028.5,0.00228
1029,0.00232
1029.5,0.00281
1030,0.00302
1030.5,0.00307
1031,0.00323
1031.5,0.00286
1032,0.00254
1032.5,0.00244
1033,0.00252
1033.5,0.00258
1034,0.00224
1034.5,0.00221
1035,0.00238
1035.5,0.00252
1036,0.00234
1036.5,0.00215
1037,0.00209
1037.5,0.00237
1038,0.00252
1038.5,0.0025
1039,0.00245
1039.5,0.00253
1040,0.00265
1040.5,0.00242
1041,0.00211
1041.5,0.00162
1042,0.00157
1042.5,0.0016
1043,0.00174
1043.5,0.00189
1044,0.0025
1044.5,0.00256
1045,0.00235
1045.5,0.00218
1046,0.002
1046.5,0.00205
1047,0.00163
1047.5,0.00167
1048,0.00142
1048.5,0.00138
1049,0.00131
1049.5,0.00144
1050,0.00161
1050.5,0.00165
1051,0.0014
1051.5,0.00144
1052,0.00135
1052.5,0.00154
1053,0.00166
1053.5,0.00199
1054,0.0024
1054.5,0.00232
1055,0.00205
1055.5,0.00177
1056,0.00182
1056.5,0.00184
1057,0.0022
1057.5,0.00237
1058,0.00235
1058.5,0.00217
1059,0.002
1059.5,0.00208
1060,0.00167
1060.5,0.00128
1061,0.00119
1061.5,0.00082
1062,0.00101
1062.5,0.00094
1063,0.00055
1063.5,0.00038
1064,0.00054
1064.5,0.00057
1065,0.00132
1065.5,0.00134
1066,0.00153
1066.5,0.00124
1067,0.00116
1067.5,0.00098
1068,0.00102
1068.5,0.00103
1069,0.00122
1069.5,0.00128
1070,0.00112
1070.5,0.00083
1071,0.00064
1071.5,0.00036
1072,0.00067
1072.5,0.00084
1073,0.00088
1073.5,0.00092
1074,0.00052
1074.5,0.00027
1075,0.00018
1075.5,0.00043
1076,0.00058
1076.5,0.00031
1077,-0.00013
1077.5,-0.00038
1078,-0.00058
1078.5,-0.00034
1079,0.00016
1079.5,0.00023
1080,-5.00E-05
1080.5,-0.00038
1081,-0.00041
1081.5,-0.00028
1082,-0.00028
1082.5,-0.00026
1083,-1.00E-05
1083.5,-8.00E-05
1084,-0.00039
1084.5,0
1085,-0.00019
1085.5,-4.00E-05
1086,-0.0001
1086.5,0.00028
1087,0.00069
1087.5,0.00099
1088,0.00134
1088.5,0.00139
1089,0.00128
1089.5,0.00143
1090,0.00166
1090.5,0.00157
1091,0.0013
1091.5,0.00127
1092,0.00119
1092.5,0.00069
1093,0.00055
1093.5,0.0008
1094,0.00067
1094.5,0.00093
1095,0.00103
1095.5,0.0007
1096,0.00047
1096.5,0.00066
1097,0.00064
1097.5,0.00086
1098,0.00052
1098.5,0.00056
1099,0.00023
1099.5,6.00E-05
1100,-0.00031
1100.5,-0.00057
1101,-0.00098
1101.5,-0.00089
1102,-0.0005
1102.5,-0.00059
1103,-0.00046
1103.5,2.00E-05
1104,0.00033
1104.5,0.00032
1105,0.00013
1105.5,-0.00028
1106,-0.00052
1106.5,-0.00051
1107,-0.00042
1107.5,-0.00035
1108,-0.00053
1108.5,-0.00084
1109,-0.00034
1109.5,-0.00076
1110,-0.00084
1110.5,-0.00066
1111,-0.00105
1111.5,-0.00094
1112,-0.00117
1112.5,-0.00099
1113,-0.0011
1113.5,-0.00112
1114,-0.00105
1114.5,-0.00074
1115,-0.00044
1115.5,-0.00054
1116,-0.0007
1116.5,-0.00062
1117,-0.00055
1117.5,-0.00072
1118,-0.00069
1118.5,-0.00061
1119,-0.00042
1119.5,-0.00054
1120,8.00E-05
1120.5,0.00021
1121,0.00018
1121.5,-5.00E-05
1122,-0.00024
1122.5,-0.00053
1123,-0.00031
1123.5,0.0004
1124,0.00073
1124.5,0.00104
1125,0.00149
1125.5,0.00115
1126,0.0012
1126.5,0.00065
1127,0.00074
1127.5,0.00049
1128,0.0005
1128.5,0.00054
1129,0.00049
1129.5,0.00045
1130,0.00028
1130.5,0.00039
1131,0.00024
1131.5,9.00E-05
1132,-9.00E-05
1132.5,6.00E-05
1133,-0.00017
1133.5,-0.00034
1134,-0.00065
1134.5,-0.00096
1135,-0.00098
1135.5,-0.00013
1136,1.00E-05
1136.5,0
1137,-0.00016
1137.5,-0.00056
1138,-0.00071
1138.5,-0.00037
1139,-0.00062
1139.5,-0.00055
1140,-0.00053
1140.5,-0.00072
1141,-0.0008
1141.5,-0.00092
1142,-0.001
1142.5,-0.00119
1143,-0.00128
1143.5,-0.00145
1144,-0.00172
1144.5,-0.00189
1145,-0.00203
1145.5,-0.00155
1146,-0.00179
1146.5,-0.00165
1147,-0.0021
1147.5,-0.00212
1148,-0.00245
1148.5,-0.00256
1149,-0.00247
1149.5,-0.00172
1150,-0.00123
1150.5,-0.00142
1151,-0.0019
1151.5,-0.00224
1152,-0.00221
1152.5,-0.00186
1153,-0.00158
1153.5,-0.00084
1154,-0.00096
1154.5,-0.00063
1155,-0.00066
1155.5,-0.00086
1156,-0.00131
1156.5,-0.00105
1157,-0.00111
1157.5,-0.001
1158,-0.00097
1158.5,-0.00108
1159,-0.00092
1159.5,-0.001
1160,-0.00095
1160.5,-0.00105
1161,-0.00081
1161.5,-0.00093
1162,-0.00072
1162.5,-0.00079
1163,-0.00134
1163.5,-0.00139
1164,-0.0011
1164.5,-0.0019
1165,-0.00225
1165.5,-0.00232
1166,-0.00228
1166.5,-0.00217
1167,-0.00198
1167.5,-0.00192
1168,-0.00184
1168.5,-0.00212
1169,-0.00216
1169.5,-0.00215
1170,-0.00235
1170.5,-0.00253
1171,-0.00237
1171.5,-0.00264
1172,-0.0022
1172.5,-0.00243
1173,-0.00201
1173.5,-0.00177
1174,-0.00147
1174.5,-0.00144
1175,-0.0021
1175.5,-0.00189
1176,-0.00227
1176.5,-0.00228
1177,-0.00249
1177.5,-0.00256
1178,-0.00247
1178.5,-0.00233
1179,-0.00188
1179.5,-0.00211
1180,-0.00202
1180.5,-0.00215
1181,-0.00269
1181.5,-0.00269
1182,-0.00277
1182.5,-0.00265
1183,-0.00236
1183.5,-0.00201
1184,-0.00189
1184.5,-0.00164
1185,-0.00189
1185.5,-0.00178
1186,-0.00158
1186.5,-0.00178
1187,-0.00145
1187.5,-0.00132
1188,-0.00117
1188.5,-0.00087
1189,-0.00108
1189.5,-0.00131
1190,-0.00141
1190.5,-0.0012
1191,-0.00097
1191.5,-0.00106
1192,-0.00071
1192.5,-0.00075
1193,-0.00043
1193.5,-0.00032
1194,-0.0004
1194.5,-0.00053
1195,-0.00024
1195.5,-0.00036
1196,-0.00022
1196.5,-0.00067
1197,-0.00074
1197.5,-0.00078
1198,-0.00075
1198.5,-0.00072
1199,-0.00044
1199.5,-0.00047
1200,-6.00E-05
1200.5,-0.00016
1201,-0.00028
1201.5,-0.00023
1202,-0.0003
1202.5,-0.0004
1203,-0.00038
1203.5,-0.00026
1204,-0.00015
1204.5,0.00041
1205,0.00056
1205.5,0.00061
1206,0.0006
1206.5,0.0003
1207,0.00046
1207.5,0.00027
1208,0
1208.5,1.00E-05
1209,2.00E-05
1209.5,-1.00E-05
1210,-0.00027
1210.5,-0.00054
1211,-0.00032
1211.5,-0.00106
1212,-0.00156
1212.5,-0.00149
1213,-0.00091
1213.5,-0.00092
1214,-0.00078
1214.5,-0.00067
1215,-0.00094
1215.5,-0.00119
1216,-0.00111
1216.5,-0.00082
1217,-0.00099
1217.5,-0.00085
1218,-0.0007
1218.5,-0.00095
1219,-0.00087
1219.5,-0.00066
1220,-0.00017
1220.5,-5.00E-05
1221,0.00027
1221.5,0.00012
1222,-0.00062
1222.5,-0.001
1223,-0.0014
1223.5,-0.00145
1224,-0.00097
1224.5,-0.00115
1225,-0.00077
1225.5,-0.00077
1226,-0.0007
1226.5,-0.00094
1227,-0.00113
1227.5,-0.00164
1228,-0.00159
1228.5,-0.00172
1229,-0.00164
1229.5,-0.00163
1230,-0.00178
1230.5,-0.00156
1231,-0.00179
1231.5,-0.00181
1232,-0.00162
1232.5,-0.00186
1233,-0.00221
1233.5,-0.0018
1234,-0.00161
1234.5,-0.00162
1235,-0.00162
1235.5,-0.00149
1236,-0.00134
1236.5,-0.00114
1237,-0.00089
1237.5,-0.00091
1238,-0.00072
1238.5,-0.00117
1239,-0.00115
1239.5,-0.00089
1240,-0.00091
1240.5,-0.00057
1241,-0.00083
1241.5,-0.00067
1242,-0.00068
1242.5,-0.00075
1243,-0.00085
1243.5,-0.00022
1244,-0.00021
1244.5,-0.00025
1245,-0.00038
1245.5,-0.0004
1246,0.00015
1246.5,0.00018
1247,-0.00014
1247.5,0.00011
1248,-0.0005
1248.5,-0.00029
1249,7.00E-05
1249.5,3.00E-05
1250,-4.00E-05
1250.5,-0.0005
1251,-0.00081
1251.5,-0.00103
1252,-0.00111
1252.5,-0.00095
1253,-0.00084
1253.5,-0.00079
1254,-0.00091
1254.5,-0.00042
1255,-0.0003
1255.5,-0.00044
1256,-0.00037
1256.5,-0.00071
1257,-0.00117
1257.5,-0.00119
1258,-0.00123
1258.5,-0.00068
1259,-0.00038
1259.5,-0.00047
1260,-0.00047
1260.5,-0.00046
1261,-0.00027
1261.5,0.00025
1262,0.00051
1262.5,0.00057
1263,0.00105
1263.5,0.00066
1264,0.00072
1264.5,0.00061
1265,0.00037
1265.5,-0.00016
1266,-6.00E-05
1266.5,-0.00013
1267,2.00E-05
1267.5,-0.00026
1268,-0.00021
1268.5,-3.00E-05
1269,-0.00037
1269.5,0.0001
1270,0.00013
1270.5,-0.00044
1271,-9.00E-05
1271.5,-0.00038
1272,-0.00092
1272.5,-0.00115
1273,-0.00079
1273.5,-0.00021
1274,0.00031
1274.5,0.0004
1275,0.00077
1275.5,0.00082
1276,0.00082
1276.5,0.00099
1277,0.00107
1277.5,0.00122
1278,0.00095
1278.5,0.00081
1279,0.00094
1279.5,0.00088
1280,0.00066
1280.5,0.0003
1281,0.00072
1281.5,0.00037
1282,-0.00031
1282.5,-0.00019
1283,0.00015
1283.5,0.00037
1284,0.0007
1284.5,0.00084
1285,0.00096
1285.5,0.0009
1286,0.00066
1286.5,0.00064
1287,0.00066
1287.5,0.00057
1288,0.00025
1288.5,8.00E-05
1289,0.00022
1289.5,0.00023
1290,0.00048
1290.5,0.00059
1291,0.00075
1291.5,0.00059
1292,0.00054
1292.5,0.00059
1293,0.00076
1293.5,0.00073
1294,0.00048
1294.5,0.00043
1295,0.00061
1295.5,0.00068
1296,0.00067
1296.5,0.00087
1297,0.0007
1297.5,0.00057
1298,0.00051
1298.5,0.00025
1299,0.00026
1299.5,1.00E-05
1300,-3.00E-05
1300.5,-6.00E-05
1301,-0.00017
1301.5,0
1302,1.00E-05
1302.5,-0.00023
1303,-0.00043
1303.5,-0.0004
1304,-0.00014
1304.5,0.00036
1305,0.00059
1305.5,0.00046
1306,0.00047
1306.5,0.00024
1307,0.00021
1307.5,0.00036
1308,0.00047
1308.5,0.00039
1309,0.00037
1309.5,0.00012
1310,-1.00E-05
1310.5,0.0003
1311,0.00034
1311.5,0.00048
1312,0.00043
1312.5,0.0006
1313,0.00043
1313.5,0.0001
1314,5.00E-05
1314.5,0.00027
1315,0.0003
1315.5,0.00046
1316,0.00088
1316.5,0.00078
1317,0.0008
1317.5,0.00118
1318,0.00149
1318.5,0.0016
1319,0.00164
1319.5,0.00205
1320,0.00245
1320.5,0.00268
1321,0.00265
1321.5,0.00252
1322,0.00243
1322.5,0.00183
1323,0.00203
1323.5,0.00182
1324,0.00159
1324.5,0.00144
1325,0.00106
1325.5,0.00102
1326,0.00098
1326.5,0.00104
1327,0.00098
1327.5,0.00116
1328,0.00098
1328.5,0.00133
1329,0.00146
1329.5,0.00134
1330,0.00162
1330.5,0.00181
1331,0.0021
1331.5,0.00209
1332,0.00258
1332.5,0.00249
1333,0.00242
1333.5,0.00221
1334,0.00224
1334.5,0.0021
1335,0.00188
1335.5,0.00196
1336,0.0021
1336.5,0.00238
1337,0.00247
1337.5,0.00233
1338,0.00247
1338.5,0.00192
1339,0.00187
1339.5,0.00178
1340,0.00209
1340.5,0.00184
1341,0.00173
1341.5,0.00146
1342,0.00129
1342.5,0.00165
1343,0.00169
1343.5,0.00157
1344,0.00133
1344.5,0.00119
1345,0.00127
1345.5,0.00123
1346,0.0016
1346.5,0.00161
1347,0.0014
1347.5,0.00143
1348,0.00115
1348.5,0.00164
1349,0.00235
1349.5,0.00258
1350,0.00287
1350.5,0.00321
1351,0.00324
1351.5,0.00287
1352,0.00299
1352.5,0.00304
1353,0.00315
1353.5,0.00288
1354,0.00315
1354.5,0.00327
1355,0.00306
1355.5,0.00286
1356,0.00248
1356.5,0.00223
1357,0.00203
1357.5,0.00229
1358,0.00229
1358.5,0.00217
1359,0.00201
1359.5,0.00202
1360,0.002
1360.5,0.00198
1361,0.00163
1361.5,0.00178
1362,0.00159
1362.5,0.00168
1363,0.00184
1363.5,0.00189
1364,0.00153
1364.5,0.00162
1365,0.00162
1365.5,0.00164
1366,0.00164
1366.5,0.00137
1367,0.00123
1367.5,0.0015
1368,0.0015
1368.5,0.00175
1369,0.00146
1369.5,0.00136
1370,0.00138
1370.5,0.00144
1371,0.00144
1371.5,0.00147
1372,0.00092
1372.5,0.0007
1373,0.00057
1373.5,0.00088
1374,0.00117
1374.5,0.00097
1375,0.00056
1375.5,0.00013
1376,3.00E-05
1376.5,-0.00019
1377,0.00017
1377.5,0.00019
1378,0.00019
1378.5,0.00041
1379,0.00093
1379.5,0.00078
1380,0.00103
1380.5,0.00048
1381,0.0001
1381.5,-0.00013
1382,-0.00025
1382.5,-3.00E-05
1383,-9.00E-05
1383.5,-0.00014
1384,0.00017
1384.5,0.00017
1385,0.00059
1385.5,0.00068
1386,0.00073
1386.5,0.00039
1387,0.00022
1387.5,-4.00E-05
1388,-2.00E-05
1388.5,-0.00025
1389,-0.00079
1389.5,-0.00113
1390,-0.00153
1390.5,-0.00133
1391,-0.00116
1391.5,-0.00125
1392,-0.00137
1392.5,-0.00102
1393,-0.00146
1393.5,-0.00159
1394,-0.00173
1394.5,-0.0015
1395,-0.00141
1395.5,-0.00147
1396,-0.00104
1396.5,-0.00099
1397,-0.00114
1397.5,-0.00102
1398,-0.00117
1398.5,-0.00112
1399,-0.00123
1399.5,-0.00118
1400,-0.00126
1400.5,-0.00167
1401,-0.00186
1401.5,-0.00154
1402,-0.0017
1402.5,-0.00209
1403,-0.00234
1403.5,-0.00232
1404,-0.00211
1404.5,-0.00181
1405,-0.00199
1405.5,-0.00152
1406,-0.00129
1406.5,-0.00157
1407,-0.00134
1407.5,-0.00117
1408,-0.00121
1408.5,-0.00141
1409,-0.0018
1409.5,-0.00205
1410,-0.0024
1410.5,-0.0021
1411,-0.00247
1411.5,-0.00265
1412,-0.00254
1412.5,-0.00241
1413,-0.00244
1413.5,-0.00256
1414,-0.00295
1414.5,-0.00345
1415,-0.00363
1415.5,-0.00376
1416,-0.00356
1416.5,-0.0036
1417,-0.00376
1417.5,-0.00379
1418,-0.00369
1418.5,-0.0037
1419,-0.00347
1419.5,-0.00335
1420,-0.00327
1420.5,-0.00319
1421,-0.0031
1421.5,-0.00304
1422,-0.00338
1422.5,-0.00311
1423,-0.00298
1423.5,-0.00333
1424,-0.003
1424.5,-0.00256
1425,-0.00231
1425.5,-0.0021
1426,-0.00219
1426.5,-0.00189
1427,-0.00178
1427.5,-0.00195
1428,-0.00191
1428.5,-0.00182
1429,-0.00224
1429.5,-0.00251
1430,-0.00255
1430.5,-0.00281
1431,-0.00282
1431.5,-0.00276
1432,-0.00265
1432.5,-0.00244
1433,-0.00288
1433.5,-0.00325
1434,-0.00332
1434.5,-0.00339
1435,-0.00337
1435.5,-0.00324
1436,-0.00326
1436.5,-0.00323
1437,-0.00306
1437.5,-0.00278
1438,-0.00265
1438.5,-0.00286
1439,-0.00255
1439.5,-0.00236
1440,-0.0025
1440.5,-0.0023
1441,-0.00182
1441.5,-0.00196
1442,-0.00202
1442.5,-0.00219
1443,-0.00224
1443.5,-0.0019
1444,-0.0019
1444.5,-0.00183
1445,-0.0019
1445.5,-0.00156
1446,-0.00112
1446.5,-0.00116
1447,-0.00122
1447.5,-0.00187
1448,-0.00167
1448.5,-0.00198
1449,-0.00177
1449.5,-0.00172
1450,-0.00161
1450.5,-0.00141
1451,-0.00176
1451.5,-0.00165
1452,-0.00154
1452.5,-0.0016
1453,-0.00165
1453.5,-0.00166
1454,-0.00185
1454.5,-0.00218
1455,-0.00171
1455.5,-0.00156
1456,-0.00138
1456.5,-0.00188
1457,-0.00211
1457.5,-0.0019
1458,-0.00208
1458.5,-0.00211
1459,-0.00242
1459.5,-0.00249
1460,-0.00261
1460.5,-0.00225
1461,-0.0025
1461.5,-0.00261
1462,-0.00239
1462.5,-0.00279
1463,-0.00251
1463.5,-0.00261
1464,-0.00234
1464.5,-0.00219
1465,-0.00204
1465.5,-0.00157
1466,-0.0013
1466.5,-0.00107
1467,-0.00112
1467.5,-0.00087
1468,-0.00061
1468.5,-0.00016
1469,8.00E-05
1469.5,-0.00013
1470,-0.00012
1470.5,-0.00026
1471,6.00E-05
1471.5,0.00026
1472,3.00E-05
1472.5,-9.00E-05
1473,0
1473.5,-0.0002
1474,4.00E-05
1474.5,0.0001
1475,-0.00024
1475.5,-0.00022
1476,-0.00043
1476.5,-0.00034
1477,-0.00018
1477.5,-0.00011
1478,-0.00016
1478.5,-0.00039
1479,-0.00053
1479.5,-0.00022
1480,-0.00028
1480.5,-0.00026
1481,-0.00078
1481.5,-0.00083
1482,-0.00059
1482.5,-0.00022
1483,0.00036
1483.5,0.00052
1484,0.00018
1484.5,-8.00E-05
1485,1.00E-05
1485.5,-9.00E-05
1486,-0.00034
1486.5,-0.00045
1487,-0.00055
1487.5,-0.00087
1488,-0.00076
1488.5,-0.0005
1489,-0.0005
1489.5,-0.00045
1490,-0.00066
1490.5,-0.00057
1491,-0.00045
1491.5,-0.00067
1492,-0.00088
1492.5,-0.0009
1493,-0.00086
1493.5,-0.00049
1494,-0.00062
1494.5,-0.00035
1495,-0.00065
1495.5,-0.00068
1496,-0.00042
1496.5,-0.00045
1497,-0.00019
1497.5,-0.00016
1498,0.00021
1498.5,5.00E-05
1499,0.00027
1499.5,0.0003
1500,0.00019
1500.5,0.00052
1501,0.00073
1501.5,0.00087
1502,0.00121
1502.5,0.00154
1503,0.00137
1503.5,0.0011
1504,0.00121
1504.5,0.00141
1505,0.00147
1505.5,0.00161
1506,0.00134
1506.5,0.001
1507,0.00104
1507.5,0.00135
1508,0.00156
1508.5,0.00157
1509,0.00137
1509.5,0.00111
1510,0.00126
1510.5,0.00136
1511,0.00161
1511.5,0.00154
1512,0.00117
1512.5,0.00102
1513,0.00063
1513.5,0.00069
1514,0.0007
1514.5,0.00071
1515,0.00059
1515.5,0.00066
1516,0.00022
1516.5,0.00022
1517,-0.00012
1517.5,-0.00018
1518,-0.00031
1518.5,-0.00057
1519,-0.00011
1519.5,-5.00E-05
1520,0.00063
1520.5,0.00081
1521,0.00066
1521.5,0.00072
1522,0.00071
1522.5,0.00107
1523,0.00109
1523.5,0.00098
1524,0.00105
1524.5,0.00118
1525,0.0016
1525.5,0.0018
1526,0.00156
1526.5,0.00153
1527,0.00108
1527.5,0.00112
1528,0.00133
1528.5,0.00157
1529,0.0013
1529.5,0.00134
1530,0.00071
1530.5,0.00046
1531,0.00051
1531.5,0.00016
1532,0.00028
1532.5,-0.00039
1533,-0.00023
1533.5,-0.00047
1534,-0.00083
1534.5,-0.00085
1535,-0.00113
1535.5,-0.00143
1536,-0.00136
1536.5,-0.00133
1537,-0.0012
1537.5,-0.00073
1538,-0.00062
1538.5,-0.00063
1539,-0.00031
1539.5,-0.00029
1540,0.00042
1540.5,0.00066
1541,0.00054
1541.5,0.00047
1542,0.0001
1542.5,0.00042
1543,2.00E-05
1543.5,6.00E-05
1544,1.00E-05
1544.5,9.00E-05
1545,-7.00E-05
1545.5,0.00037
1546,0.0003
1546.5,0.00025
1547,0.00016
1547.5,0.00036
1548,0.00031
1548.5,-0.00024
1549,-0.00012
1549.5,-0.00014
1550,0.00021
1550.5,3.00E-05
1551,-0.00024
1551.5,-0.00059
1552,-0.00074
1552.5,-0.00059
1553,-0.00078
1553.5,-0.00048
1554,-0.00061
1554.5,-0.00025
1555,-0.00015
1555.5,0.0001
1556,0.00027
1556.5,9.00E-05
1557,5.00E-05
1557.5,0.00023
1558,0.00011
1558.5,0.00024
1559,0
1559.5,4.00E-05
1560,0.00013
1560.5,0.00029
1561,0.00047
1561.5,0.00067
1562,0.00076
1562.5,0.00079
1563,0.00089
1563.5,0.00134
1564,0.00122
1564.5,0.0016
1565,0.00148
1565.5,0.00137
1566,0.00107
1566.5,0.0013
1567,0.00184
1567.5,0.00221
1568,0.00206
1568.5,0.0022
1569,0.0021
1569.5,0.002
1570,0.00228
1570.5,0.00276
1571,0.00237
1571.5,0.00194
1572,0.00169
1572.5,0.00186
1573,0.00201
1573.5,0.00242
1574,0.0026
1574.5,0.00267
1575,0.00265
1575.5,0.00246
1576,0.00266
1576.5,0.00303
1577,0.00269
1577.5,0.00279
1578,0.00296
1578.5,0.00312
1579,0.00324
1579.5,0.00309
1580,0.00281
1580.5,0.00266
1581,0.00281
1581.5,0.00288
1582,0.00309
1582.5,0.0029
1583,0.00277
1583.5,0.00293
1584,0.00248
1584.5,0.00214
1585,0.00216
1585.5,0.0019
1586,0.00161
1586.5,0.0018
1587,0.00188
1587.5,0.00198
1588,0.00162
1588.5,0.00172
1589,0.00153
1589.5,0.00173
1590,0.00167
1590.5,0.0018
1591,0.00164
1591.5,0.00193
1592,0.00184
1592.5,0.00187
1593,0.00182
1593.5,0.00136
1594,0.00134
1594.5,0.00171
1595,0.00156
1595.5,0.00166
1596,0.00122
1596.5,0.00106
1597,0.00064
1597.5,0.00104
1598,0.00139
1598.5,0.00153
1599,0.0023
1599.5,0.00211
1600,0.0024
1600.5,0.00231
1601,0.00236
1601.5,0.00272
1602,0.00268
1602.5,0.00246
1603,0.00238
1603.5,0.00274
1604,0.00264
1604.5,0.00221
1605,0.00219
1605.5,0.00164
1606,0.0016
1606.5,0.00188
1607,0.00173
1607.5,0.0019
1608,0.00219
1608.5,0.00203
1609,0.00204
1609.5,0.00188
1610,0.00128
1610.5,0.00114
1611,0.00098
1611.5,0.00114
1612,0.00118
1612.5,0.00121
1613,0.00122
1613.5,0.00111
1614,0.00073
1614.5,0.00084
1615,0.00101
1615.5,0.00126
1616,0.00106
1616.5,0.00096
1617,0.00102
1617.5,0.00118
1618,0.00113
1618.5,0.00099
1619,0.0011
1619.5,0.0011
1620,0.00125
1620.5,0.00121
1621,0.00133
1621.5,0.0014
1622,0.00143
1622.5,0.00111
1623,0.00092
1623.5,0.00064
1624,0.00052
1624.5,0.0008
1625,0.0006
1625.5,0.00055
1626,0.00072
1626.5,0.00016
1627,-0.00038
1627.5,-0.00035
1628,-0.00045
1628.5,-0.00032
1629,-0.00022
1629.5,-8.00E-05
1630,-0.00029
1630.5,-0.00082
1631,-0.00038
1631.5,0.00038
1632,0.00109
1632.5,0.00125
1633,0.00134
1633.5,0.00152
1634,0.00186
1634.5,0.00195
1635,0.00196
1635.5,0.00175
1636,0.00143
1636.5,0.00091
1637,0.00074
1637.5,0.00037
1638,0.00013
1638.5,-0.00053
1639,-0.00072
1639.5,-0.00073
1640,-0.00043
1640.5,-0.00036
1641,-0.00025
1641.5,-0.00012
1642,-9.00E-05
1642.5,-0.0001
1643,-0.00011
1643.5,-0.00019
1644,-0.0004
1644.5,-0.00052
1645,-0.00052
1645.5,-0.00032
1646,-0.00023
1646.5,-0.00034
1647,-0.00023
1647.5,-0.00055
1648,-0.0005
1648.5,-0.00017
1649,-0.00043
1649.5,-0.00051
1650,-0.00055
1650.5,-0.00067
1651,-0.00046
1651.5,-0.00061
1652,-0.00022
1652.5,-0.00023
1653,-2.00E-05
1653.5,-0.00029
1654,-3.00E-05
1654.5,-0.0003
1655,-0.00043
1655.5,-0.00035
1656,-0.00042
1656.5,-0.00013
1657,-0.00063
1657.5,-0.00111
1658,-0.00155
1658.5,-0.00147
1659,-0.00173
1659.5,-0.00182
1660,-0.00197
1660.5,-0.00199
1661,-0.00183
1661.5,-0.00193
1662,-0.00194
1662.5,-0.00164
1663,-0.00174
1663.5,-0.00162
1664,-0.00149
1664.5,-0.00157
1665,-0.00162
1665.5,-0.00129
1666,-0.00163
1666.5,-0.00156
1667,-0.00152
1667.5,-0.00165
1668,-0.00144
1668.5,-0.00129
1669,-0.00145
1669.5,-0.00161
1670,-0.00168
1670.5,-0.00134
1671,-0.00117
1671.5,-0.00159
1672,-0.00215
1672.5,-0.00246
1673,-0.0022
1673.5,-0.00193
1674,-0.00189
1674.5,-0.00186
1675,-0.00181
1675.5,-0.00194
1676,-0.00191
1676.5,-0.00185
1677,-0.00186
1677.5,-0.00186
1678,-0.00155
1678.5,-0.00173
1679,-0.00171
1679.5,-0.0016
1680,-0.0013
1680.5,-0.00143
1681,-0.00165
1681.5,-0.00165
1682,-0.00134
1682.5,-0.0013
1683,-0.00133
1683.5,-0.00136
1684,-0.00137
1684.5,-0.00102
1685,-0.00102
1685.5,-0.00066
1686,-0.00069
1686.5,-0.0007
1687,-0.0006
1687.5,-0.00056
1688,-0.00059
1688.5,-0.00032
1689,-0.0002
1689.5,-0.0004
1690,-0.0003
1690.5,-0.00046
1691,-0.00036
1691.5,-0.00044
1692,-0.00071
1692.5,-0.00072
1693,-0.00067
1693.5,-0.00068
1694,-0.0006
1694.5,-0.00038
1695,-0.00058
1695.5,-0.00065
1696,-0.00086
1696.5,-0.0011
1697,-0.00136
1697.5,-0.00147
1698,-0.00121
1698.5,-0.00105
1699,-0.00085
1699.5,-0.00128
1700,-0.00147
1700.5,-0.00167
1701,-0.0016
1701.5,-0.00143
1702,-0.00158
1702.5,-0.00158
1703,-0.00159
1703.5,-0.00149
1704,-0.00137
1704.5,-0.0014
1705,-0.00158
1705.5,-0.00173
1706,-0.00227
1706.5,-0.00237
1707,-0.00253
1707.5,-0.0027
1708,-0.00238
1708.5,-0.00212
1709,-0.0019
1709.5,-0.00194
1710,-0.00179
1710.5,-0.0019
1711,-0.00167
1711.5,-0.00154
1712,-0.00142
1712.5,-0.00106
1713,-0.001
1713.5,-0.00122
1714,-0.00117
1714.5,-0.00118
1715,-0.00123
1715.5,-0.00121
1716,-0.00126
1716.5,-0.00115
1717,-0.00163
1717.5,-0.00167
1718,-0.00151
1718.5,-0.00139
1719,-0.00145
1719.5,-0.00144
1720,-0.00145
1720.5,-0.00177
1721,-0.00179
1721.5,-0.00159
1722,-0.00149
1722.5,-0.00112
1723,-0.00129
1723.5,-0.00115
1724,-0.00125
1724.5,-0.0015
1725,-0.0013
1725.5,-0.00141
1726,-0.00139
1726.5,-0.00113
1727,-0.0012
1727.5,-0.00076
1728,-0.00097
1728.5,-0.00091
1729,-0.00079
1729.5,-0.00069
1730,-0.00095
1730.5,-0.00075
1731,-0.00098
1731.5,-0.00081
1732,-0.00063
1732.5,-0.00035
1733,-0.00044
1733.5,-0.00063
1734,-0.00047
1734.5,-0.00068
1735,-0.00066
1735.5,-0.00068
1736,-0.0004
1736.5,-0.00038
1737,-0.00042
1737.5,-0.00037
1738,-0.00027
1738.5,-0.00074
1739,-0.00068
1739.5,-0.00081
1740,-0.00079
1740.5,-0.00027
1741,-0.0001
1741.5,-8.00E-05
1742,-0.00052
1742.5,-0.00066
1743,-0.00068
1743.5,-0.00069
1744,-0.00093
1744.5,-0.00101
1745,-0.00107
1745.5,-0.00138
1746,-0.00103
1746.5,-0.00111
1747,-0.0015
1747.5,-0.00139
1748,-0.00129
1748.5,-0.00127
1749,-0.00103
1749.5,-0.00074
1750,-0.00075
1750.5,-0.00082
1751,-0.00096
1751.5,-0.00068
1752,-0.00025
1752.5,0
1753,0.00027
1753.5,0.00032
1754,0.0001
1754.5,-9.00E-05
1755,-0.00031
1755.5,-0.00046
1756,-0.00022
1756.5,-0.0003
1757,-0.00025
1757.5,-0.00029
1758,-0.00047
1758.5,-0.0003
1759,-0.00023
1759.5,-0.00013
1760,0.00031
1760.5,0.00061
1761,0.00069
1761.5,0.00081
1762,0.00045
1762.5,0.00056
1763,0.00083
1763.5,0.00096
1764,0.00069
1764.5,0.00056
1765,0.00057
1765.5,0.00063
1766,0.00081
1766.5,0.001
1767,0.00111
1767.5,0.00124
1768,0.00115
1768.5,0.00089
1769,0.00068
1769.5,0.00055
1770,0.00067
1770.5,0.00086
1771,0.00071
1771.5,0.00061
1772,0.00018
1772.5,-0.00018
1773,-0.00039
1773.5,-0.00051
1774,0.00019
1774.5,0.00046
1775,0.00056
1775.5,0.00083
1776,0.00073
1776.5,0.00033
1777,0.00036
1777.5,0.00033
1778,0.00027
1778.5,9.00E-05
1779,-0.00014
1779.5,-8.00E-05
1780,-0.00015
1780.5,-0.00025
1781,-6.00E-05
1781.5,0.00017
1782,0.00057
1782.5,0.00095
1783,0.0009
1783.5,0.00082
1784,0.00072
1784.5,0.00064
1785,0.00096
1785.5,0.00068
1786,0.00075
1786.5,0.00078
1787,0.0006
1787.5,0.00066
1788,0.00059
1788.5,0.00045
1789,0.00063
1789.5,0.00037
1790,0.00048
1790.5,0.00059
1791,0.00079
1791.5,0.00092
1792,0.00086
1792.5,0.00082
1793,0.00024
1793.5,0.00011
1794,-0.00027
1794.5,-0.00013
1795,0.00015
1795.5,0.0001
1796,0.00021
1796.5,-0.00032
1797,-0.00063
1797.5,-0.00037
1798,-0.00028
1798.5,0.00054
1799,0.00089
1799.5,0.00121
1800,0.00123
1800.5,0.0008
1801,0.00047
1801.5,0.00074
1802,0.00085
1802.5,0.00071
1803,0.0012
1803.5,0.00121
1804,0.00131
1804.5,0.00181
1805,0.00192
1805.5,0.00219
1806,0.00236
1806.5,0.0024
1807,0.00193
1807.5,0.00194
1808,0.00197
1808.5,0.0023
1809,0.00237
1809.5,0.00245
1810,0.00244
1810.5,0.00244
1811,0.00253
1811.5,0.00248
1812,0.00215
1812.5,0.0024
1813,0.00238
1813.5,0.00234
1814,0.00234
1814.5,0.00215
1815,0.00211
1815.5,0.00215
1816,0.0022
1816.5,0.00221
1817,0.00188
1817.5,0.00191
1818,0.00182
1818.5,0.00156
1819,0.00184
1819.5,0.00171
1820,0.00213
1820.5,0.00188
1821,0.0022
1821.5,0.00194
1822,0.00175
1822.5,0.00142
1823,0.00119
1823.5,0.0014
1824,0.00196
1824.5,0.00202
1825,0.00233
1825.5,0.00282
1826,0.0027
1826.5,0.00275
1827,0.00278
1827.5,0.00308
1828,0.00308
1828.5,0.00342
1829,0.00345
1829.5,0.00359
1830,0.0035
1830.5,0.00334
1831,0.00275
1831.5,0.00272
1832,0.0027
1832.5,0.00277
1833,0.00308
1833.5,0.00274
1834,0.00294
1834.5,0.00286
1835,0.00273
1835.5,0.00279
1836,0.00326
1836.5,0.00302
1837,0.003
1837.5,0.00293
1838,0.00292
1838.5,0.00269
1839,0.00199
1839.5,0.00165
1840,0.00146
1840.5,0.00127
1841,0.00109
1841.5,0.00107
1842,0.00084
1842.5,0.00073
1843,0.00081
1843.5,0.00087
1844,0.00143
1844.5,0.00153
1845,0.00197
1845.5,0.00191
1846,0.00218
1846.5,0.00198
1847,0.00173
1847.5,0.00159
1848,0.00164
1848.5,0.00158
1849,0.00184
1849.5,0.00208
1850,0.00216
1850.5,0.00245
1851,0.00244
1851.5,0.0022
1852,0.0019
1852.5,0.00135
1853,0.00104
1853.5,0.00067
1854,0.00053
1854.5,0.00072
1855,0.00073
1855.5,0.00077
1856,0.00074
1856.5,0.00036
1857,0.00074
1857.5,0.00126
1858,0.0012
1858.5,0.00135
1859,0.00123
1859.5,0.00101
1860,0.00102
1860.5,0.00122
1861,0.00112
1861.5,0.00116
1862,0.00116
1862.5,0.00092
1863,0.00047
1863.5,0.00074
1864,0.00113
1864.5,0.00105
1865,0.00095
1865.5,0.00085
1866,0.00098
1866.5,0.00097
1867,0.00097
1867.5,0.00122
1868,0.00063
1868.5,0.00074
1869,0.00066
1869.5,0.00092
1870,0.00093
1870.5,0.00097
1871,0.00106
1871.5,0.00091
1872,0.00081
1872.5,0.00024
1873,-8.00E-05
1873.5,-7.00E-05
1874,-0.00011
1874.5,0.0003
1875,0.00032
1875.5,0.00034
1876,0.00043
1876.5,0.00023
1877,0.00019
1877.5,0.0002
1878,0.00041
1878.5,0.00032
1879,0.00025
1879.5,9.00E-05
1880,7.00E-05
1880.5,-0.00014
1881,-0.00054
1881.5,-0.00044
1882,-0.00049
1882.5,-0.00021
1883,0.00031
1883.5,0.00036
1884,0.00032
1884.5,0.00064
1885,0.00016
1885.5,0.00024
1886,0.0003
1886.5,0.00038
1887,0.0005
1887.5,0.00033
1888,-0.0001
1888.5,-0.00016
1889,-0.00059
1889.5,-0.00132
1890,-0.00164
1890.5,-0.00148
1891,-0.00129
1891.5,-0.00096
1892,-0.00103
1892.5,-0.00126
1893,-0.00156
1893.5,-0.00168
1894,-0.00158
1894.5,-0.00167
1895,-0.00175
1895.5,-0.00181
1896,-0.00206
1896.5,-0.00221
1897,-0.00266
1897.5,-0.00289
1898,-0.00313
1898.5,-0.00315
1899,-0.00318
1899.5,-0.00298
1900,-0.00293
1900.5,-0.00347
1901,-0.00334
1901.5,-0.00322
1902,-0.00292
1902.5,-0.00286
1903,-0.00278
1903.5,-0.00266
1904,-0.00236
1904.5,-0.00176
1905,-0.00177
1905.5,-0.00133
1906,-0.00134
1906.5,-0.00168
1907,-0.00175
1907.5,-0.00174
1908,-0.00136
1908.5,-0.00082
1909,-0.00088
1909.5,-0.00106
1910,-0.00089
1910.5,-0.00121
1911,-0.00122
1911.5,-0.0011
1912,-0.00143
1912.5,-0.00143
1913,-0.00191
1913.5,-0.00215
1914,-0.00239
1914.5,-0.00244
1915,-0.00231
1915.5,-0.00223
1916,-0.0024
1916.5,-0.00272
1917,-0.00301
1917.5,-0.00315
1918,-0.00325
1918.5,-0.00312
1919,-0.00279
1919.5,-0.00292
1920,-0.00301
1920.5,-0.00313
1921,-0.00317
1921.5,-0.00335
1922,-0.00302
1922.5,-0.0032
1923,-0.00307
1923.5,-0.00303
1924,-0.00292
1924.5,-0.00302
1925,-0.00309
1925.5,-0.00339
1926,-0.00331
1926.5,-0.00359
1927,-0.00335
1927.5,-0.00342
1928,-0.00332
1928.5,-0.00341
1929,-0.00303
1929.5,-0.00311
1930,-0.00288
1930.5,-0.00296
1931,-0.00321
1931.5,-0.00326
1932,-0.00317
1932.5,-0.00271
1933,-0.00276
1933.5,-0.00221
1934,-0.00184
1934.5,-0.00222
1935,-0.00203
1935.5,-0.00229
1936,-0.00255
1936.5,-0.00245
1937,-0.00231
1937.5,-0.00239
1938,-0.0025
1938.5,-0.00253
1939,-0.00268
1939.5,-0.00305
1940,-0.00312
1940.5,-0.00288
1941,-0.00295
1941.5,-0.00272
1942,-0.00244
1942.5,-0.00254
1943,-0.0026
1943.5,-0.00278
1944,-0.00248
1944.5,-0.00193
1945,-0.00159
1945.5,-0.00162
1946,-0.0014
1946.5,-0.00142
1947,-0.00158
1947.5,-0.00157
1948,-0.00101
1948.5,-0.00103
1949,-0.00085
1949.5,-0.0007
1950,-0.0006
1950.5,-0.00063
1951,-0.00037
1951.5,-0.00029
1952,-0.00051
1952.5,-0.00049
1953,-0.00059
1953.5,-0.00039
1954,-0.0002
1954.5,-0.00024
1955,-0.00028
1955.5,-0.00046
1956,-0.00038
1956.5,-0.00064
1957,-0.00045
1957.5,-0.00031
1958,-0.00018
1958.5,-0.00025
1959,-1.00E-05
1959.5,-0.00018
1960,0.00015
1960.5,0.00031
1961,0.00078
1961.5,0.00063
1962,0.00069
1962.5,0.00077
1963,0.00074
1963.5,0.00071
1964,0.00085
1964.5,0.00082
1965,0.00055
1965.5,0.00057
1966,0.00061
1966.5,0.00055
1967,0.00076
1967.5,0.00073
1968,0.0007
1968.5,0.00052
1969,0.00063
1969.5,0.00088
1970,0.00072
1970.5,0.00111
1971,0.00128
1971.5,0.00164
1972,0.00145
1972.5,0.00094
1973,0.00074
1973.5,0.0006
1974,0.0009
1974.5,0.00069
1975,0.00065
1975.5,0.00086
1976,0.00096
1976.5,0.00121
1977,0.0015
1977.5,0.00195
1978,0.00217
1978.5,0.00227
1979,0.00196
1979.5,0.00215
1980,0.00194
1980.5,0.00198
1981,0.00212
1981.5,0.00207
1982,0.00175
1982.5,0.00199
1983,0.00196
1983.5,0.00214
1984,0.00208
1984.5,0.00205
1985,0.00167
1985.5,0.00115
1986,0.00103
1986.5,0.00077
1987,0.00059
1987.5,0.00042
1988,0.00071
1988.5,0.00071
1989,0.00075
1989.5,0.0007
1990,0.00048
1990.5,0.00067
1991,0.00059
1991.5,0.00067
1992,0.00086
1992.5,0.00076
1993,0.00038
1993.5,0.0002
1994,8.00E-05
1994.5,0.00027
1995,0.00052
1995.5,0.00067
1996,0.00101
1996.5,0.00141
1997,0.00121
1997.5,0.00115
1998,0.00147
1998.5,0.00145
1999,0.00147
1999.5,0.00126
2000,0.00102
2000.5,0.00057
2001,-9.00E-05
2001.5,0.00018
2002,-6.00E-05
2002.5,-0.00037
2003,-0.00065
2003.5,-0.00096
2004,-0.00091
2004.5,-0.00112
2005,-0.0009
2005.5,-0.00063
2006,-0.00044
2006.5,-0.00026
2007,-0.00042
2007.5,-0.00032
2008,-0.0004
2008.5,4.00E-05
2009,8.00E-05
2009.5,-0.00011
2010,-8.00E-05
2010.5,-0.00022
2011,-0.0003
2011.5,-0.00049
2012,-0.00061
2012.5,-0.00081
2013,-0.00121
2013.5,-0.00113
2014,-0.00149
2014.5,-0.00139
2015,-0.00148
2015.5,-0.00145
2016,-0.00092
2016.5,-0.00098
2017,-0.0008
2017.5,-0.0007
2018,-0.00014
2018.5,5.00E-05
2019,0.00037
2019.5,0.00022
2020,0.00017
2020.5,0.00045
2021,0.00017
2021.5,0.00063
2022,0.00031
2022.5,0
2023,0
2023.5,-0.00011
2024,-3.00E-05
2024.5,-0.00022
2025,-0.00049
2025.5,-0.00099
2026,-0.00056
2026.5,-0.00099
2027,-0.00094
2027.5,-0.00075
2028,-0.00035
2028.5,-0.00022
2029,-9.00E-05
2029.5,-0.0001
2030,-0.00025
2030.5,-0.00041
2031,-0.00055
2031.5,-0.00086
2032,-0.00077
2032.5,-0.00101
2033,-0.00083
2033.5,-0.00114
2034,-0.00113
2034.5,-0.00087
2035,-0.00089
2035.5,-0.00031
2036,0
2036.5,6.00E-05
2037,-7.00E-05
2037.5,0.00032
2038,-0.00023
2038.5,-0.0002
2039,-0.0006
2039.5,-0.00107
2040,-0.00129
2040.5,-0.00155
2041,-0.00095
2041.5,-0.001
2042,-0.00083
2042.5,-0.00077
2043,-0.00069
2043.5,-0.00056
2044,-0.00039
2044.5,-0.00052
2045,-0.00047
2045.5,-0.00031
2046,-0.00011
2046.5,-0.00018
2047,-0.00052
2047.5,-0.00078
2048,-0.00105
2048.5,-0.00103
2049,-0.00088
2049.5,-0.00087
2050,-0.00086
2050.5,-0.00113
2051,-0.00094
2051.5,-0.00076
2052,-0.00056
2052.5,-0.00031
2053,-0.00052
2053.5,-0.00026
2054,-0.00087
2054.5,-0.00064
2055,-0.00068
2055.5,-0.00062
2056,-0.00071
2056.5,-0.00047
2057,-0.00015
2057.5,-6.00E-05
2058,0.00016
2058.5,0.00071
2059,0.00074
2059.5,0.00037
2060,0.00013
2060.5,6.00E-05
2061,0.00036
2061.5,-2.00E-05
2062,-0.0001
2062.5,-0.00036
2063,-0.00062
2063.5,-0.00103
2064,-0.00079
2064.5,-0.00056
2065,-0.00022
2065.5,-0.00028
2066,3.00E-05
2066.5,-0.00025
2067,1.00E-05
2067.5,2.00E-05
2068,5.00E-05
2068.5,0.00011
2069,-0.00021
2069.5,-0.00034
2070,-0.00081
2070.5,-0.00114
2071,-0.00125
2071.5,-0.0012
2072,-0.00129
2072.5,-0.00148
2073,-0.00159
2073.5,-0.00155
2074,-0.00132
2074.5,-0.00112
2075,-0.00103
2075.5,-0.00042
2076,-0.00048
2076.5,-0.00016
2077,-0.00018
2077.5,-0.00049
2078,-0.00031
2078.5,-8.00E-05
2079,4.00E-05
2079.5,0.00014
2080,0.00017
2080.5,0.00039
2081,0.00061
2081.5,0.00059
2082,0.00048
2082.5,0.00073
2083,0.00084
2083.5,0.00063
2084,0.00059
2084.5,0.00041
2085,0.0002
2085.5,0.00033
2086,0.00088
2086.5,0.00104
2087,0.00139
2087.5,0.0011
2088,0.00124
2088.5,0.00133
2089,0.00132
2089.5,0.00113
2090,0.00099
2090.5,0.00097
2091,0.00116
2091.5,0.00131
2092,0.00112
2092.5,0.0006
2093,0.00025
2093.5,9.00E-05
2094,-5.00E-05
2094.5,1.00E-05
2095,-0.00026
2095.5,-0.00019
2096,0.00011
2096.5,0.00046
2097,0.00051
2097.5,0.00058
2098,0.00042
2098.5,0.00057
2099,0.00042
2099.5,0.00055
2100,0.00023
2100.5,0.00013
2101,9.00E-05
2101.5,3.00E-05
2102,0.00015
2102.5,-0.00032
2103,-5.00E-05
2103.5,-6.00E-05
2104,-0.00032
2104.5,8.00E-05
2105,-0.00012
2105.5,-6.00E-05
2106,9.00E-05
2106.5,-9.00E-05
2107,0.00012
2107.5,-2.00E-05
2108,-0.00019
2108.5,0.00021
2109,9.00E-05
2109.5,0.00047
2110,0.0005
2110.5,0.00038
2111,0.00044
2111.5,0.00024
2112,0.00023
2112.5,-0.0001
2113,-0.00032
2113.5,-0.00036
2114,-0.00017
2114.5,0.00023
2115,0.00014
2115.5,0.00062
2116,0.00098
2116.5,0.00081
2117,0.00104
2117.5,0.00095
2118,0.00133
2118.5,0.00125
2119,0.00129
2119.5,0.00177
2120,0.002
2120.5,0.00204
2121,0.00187
2121.5,0.00167
2122,0.00139
2122.5,0.00114
2123,0.00115
2123.5,0.00136
2124,0.00134
2124.5,0.00114
2125,0.00136
2125.5,0.00096
2126,0.00102
2126.5,0.00083
2127,0.00049
2127.5,0.00054
2128,0.00071
2128.5,0.00094
2129,0.00106
2129.5,0.00133
2130,0.00143
2130.5,0.00131
2131,0.0013
2131.5,0.00115
2132,0.00125
2132.5,0.00136
2133,0.00128
2133.5,0.00099
2134,0.00091
2134.5,0.00089
2135,0.00092
2135.5,0.001
2136,0.00129
2136.5,0.00125
2137,0.00098
2137.5,0.00074
2138,0.00084
2138.5,0.00062
2139,0.00077
2139.5,0.00081
2140,0.00065
2140.5,0.0006
2141,0.00056
2141.5,0.0001
2142,0.00033
2142.5,0.00052
2143,0.00058
2143.5,0.00088
2144,0.00083
2144.5,0.00046
2145,0.00083
2145.5,0.00061
2146,0.00066
2146.5,0.00083
2147,0.00057
2147.5,0.00018
2148,-0.00018
2148.5,-0.00051
2149,-0.00031
2149.5,-0.00013
2150,0.00037
2150.5,0.00062
2151,0.00043
2151.5,0.00059
2152,0.00076
2152.5,0.00112
2153,0.00123
2153.5,0.00151
2154,0.00138
2154.5,0.00101
2155,0.00073
2155.5,0.00081
2156,0.00106
2156.5,0.00105
2157,0.00112
2157.5,0.00111
2158,0.00127
2158.5,0.00097
2159,0.0011
2159.5,0.00098
2160,0.00126
2160.5,0.00137
2161,0.00165
2161.5,0.00187
2162,0.00164
2162.5,0.00133
2163,0.00086
2163.5,0.00074
2164,0.00056
2164.5,0.00072
2165,0.00093
2165.5,0.00037
2166,0.00052
2166.5,0.00031
2167,0.00016
2167.5,0.00043
2168,0.00012
2168.5,0.00051
2169,0.00057
2169.5,0.00035
2170,0.00016
2170.5,0.00021
2171,-6.00E-05
2171.5,0.00014
2172,7.00E-05
2172.5,0.00018
2173,0.00048
2173.5,0.00037
2174,0.00042
2174.5,0.00069
2175,0.00036
2175.5,0.00035
2176,4.00E-05
2176.5,4.00E-05
2177,0.00024
2177.5,-0.00016
2178,-7.00E-05
2178.5,-2.00E-05
2179,-0.00025
2179.5,-0.0004
2180,-0.0004
2180.5,-0.00011
2181,0.0003
2181.5,0.00028
2182,-2.00E-05
2182.5,-2.00E-05
2183,-0.00064
2183.5,-0.00071
2184,-0.00048
2184.5,-0.00079
2185,-0.00074
2185.5,-0.00073
2186,-0.0009
2186.5,-0.0009
2187,-0.00079
2187.5,-0.0006
2188,-0.00084
2188.5,-0.00109
2189,-0.00078
2189.5,-0.00114
2190,-0.00121
2190.5,-0.00134
2191,-0.0012
2191.5,-0.00097
2192,-0.00111
2192.5,-0.00083
2193,-0.00103
2193.5,-0.00102
2194,-0.00129
2194.5,-0.00151
2195,-0.00156
2195.5,-0.0015
2196,-0.00163
2196.5,-0.00176
2197,-0.00164
2197.5,-0.0017
2198,-0.00141
2198.5,-0.00129
2199,-0.00093
2199.5,-0.00083
2200,-0.00092
2200.5,-0.00086
2201,-0.00096
2201.5,-0.00097
2202,-0.00113
2202.5,-0.00109
2203,-0.00134
2203.5,-0.00129
2204,-0.00128
2204.5,-0.00118
2205,-0.00074
2205.5,-0.00047
2206,1.00E-05
2206.5,0.00029
2207,5.00E-05
2207.5,-1.00E-05
2208,-0.00036
2208.5,-0.00041
2209,-0.00059
2209.5,-0.00058
2210,-0.00075
2210.5,-0.00114
2211,-0.00091
2211.5,-0.00126
2212,-0.00133
2212.5,-0.00144
2213,-0.00167
2213.5,-0.00211
2214,-0.00237
2214.5,-0.00212
2215,-0.002
2215.5,-0.00192
2216,-0.00182
2216.5,-0.00202
2217,-0.00236
2217.5,-0.00226
2218,-0.00233
2218.5,-0.00224
2219,-0.00196
2219.5,-0.00198
2220,-0.00166
2220.5,-0.00123
2221,-0.00135
2221.5,-0.00113
2222,-0.00095
2222.5,-0.00133
2223,-0.00162
2223.5,-0.00188
2224,-0.00227
2224.5,-0.00235
2225,-0.0022
2225.5,-0.00216
2226,-0.00201
2226.5,-0.00203
2227,-0.00175
2227.5,-0.00162
2228,-0.00147
2228.5,-0.00113
2229,-0.00152
2229.5,-0.00138
2230,-0.00157
2230.5,-0.00171
2231,-0.00191
2231.5,-0.00182
2232,-0.00171
2232.5,-0.00199
2233,-0.00166
2233.5,-0.00176
2234,-0.00174
2234.5,-0.00174
2235,-0.00193
2235.5,-0.00145
2236,-0.0011
2236.5,-0.0011
2237,-0.00033
2237.5,-0.00019
2238,-0.00038
2238.5,-0.00057
2239,-0.00058
2239.5,-0.00066
2240,-0.00067
2240.5,-0.00064
2241,-0.00046
2241.5,-0.0002
2242,-0.0004
2242.5,8.00E-05
2243,0.00027
2243.5,0.00023
2244,0.0003
2244.5,-1.00E-05
2245,-2.00E-05
2245.5,0.00035
2246,0.00051
2246.5,0.00049
2247,0.0005
2247.5,0.00015
2248,-0.00065
2248.5,-0.00078
2249,-0.00103
2249.5,-0.00068
2250,-0.00052
2250.5,-0.00022
2251,0.00021
2251.5,0.00018
2252,-0.00033
2252.5,-9.00E-05
2253,0.00014
2253.5,0.00019
2254,0.00051
2254.5,0.00029
2255,-0.00017
2255.5,1.00E-05
2256,-0.00028
2256.5,-0.00026
2257,0.00012
2257.5,0.00042
2258,0.00064
2258.5,0.00062
2259,0.00061
2259.5,0.00037
2260,0.00065
2260.5,0.00081
2261,0.00142
2261.5,0.00193
2262,0.00209
2262.5,0.00217
2263,0.00153
2263.5,0.0012
2264,0.00125
2264.5,0.00129
2265,0.00139
2265.5,0.00199
2266,0.00212
2266.5,0.0018
2267,0.00211
2267.5,0.00252
2268,0.00269
2268.5,0.00246
2269,0.00219
2269.5,0.00213
2270,0.00187
2270.5,0.00181
2271,0.00188
2271.5,0.00145
2272,0.00165
2272.5,0.00129
2273,0.00107
2273.5,0.00098
2274,0.00128
2274.5,0.00116
2275,0.0009
2275.5,0.00068
2276,0.00067
2276.5,0.00074
2277,0.00067
2277.5,0.00091
2278,0.00102
2278.5,0.00111
2279,0.00118
2279.5,0.0014
2280,0.0012
2280.5,0.00116
2281,0.00086
2281.5,0.00049
2282,0.0004
2282.5,0.00052
2283,0.00043
2283.5,0.00023
2284,8.00E-05
2284.5,0.0001
2285,0.0001
2285.5,0.00014
2286,0.00012
2286.5,0.0003
2287,3.00E-05
2287.5,0.00028
2288,0.00011
2288.5,-0.00013
2289,-0.00025
2289.5,-0.00011
2290,-0.00011
2290.5,-0.00015
2291,-0.0001
2291.5,-0.00024
2292,-0.00031
2292.5,-0.00031
2293,-0.00036
2293.5,-3.00E-05
2294,9.00E-05
2294.5,0.00026
2295,0.00047
2295.5,0.00047
2296,0.0005
2296.5,0.00043
2297,0.00049
2297.5,0.00026
2298,-5.00E-05
2298.5,-9.00E-05
2299,0.0003
2299.5,0.0005
2300,0.0004
2300.5,0.00045
2301,0.00052
2301.5,0.00078
2302,0.00093
2302.5,0.00092
2303,0.00112
2303.5,0.00088
2304,0.00117
2304.5,0.00099
2305,0.00086
2305.5,0.0009
2306,0.00115
2306.5,0.00133
2307,0.00175
2307.5,0.0017
2308,0.00174
2308.5,0.00141
2309,0.00139
2309.5,0.00115
2310,0.00095
2310.5,0.00061
2311,0.00052
2311.5,0.00049
2312,0.00037
2312.5,0.00066
2313,0.00073
2313.5,0.00078
2314,0.0007
2314.5,0.00053
2315,0.00047
2315.5,0.00051
2316,0.0005
2316.5,0.00044
2317,0.00041
2317.5,0.00028
2318,6.00E-05
2318.5,0.00019
2319,0.00049
2319.5,0.00051
2320,0.00044
2320.5,0.0001
2321,7.00E-05
2321.5,-7.00E-05
2322,-0.00036
2322.5,-0.00078
2323,-0.00081
2323.5,-0.00074
2324,-0.00076
2324.5,-0.0008
2325,-0.00063
2325.5,-0.0005
2326,-0.00049
2326.5,-0.00058
2327,-0.00041
2327.5,-0.0005
2328,-0.00044
2328.5,-0.00029
2329,-0.00023
2329.5,-6.00E-05
2330,8.00E-05
2330.5,-1.00E-05
2331,0.00017
2331.5,0.00031
2332,0.00071
2332.5,0.0007
2333,0.00048
2333.5,0.00054
2334,0.00033
2334.5,-4.00E-05
2335,-0.00017
2335.5,-4.00E-05
2336,-0.00036
2336.5,-0.00019
2337,0.00019
2337.5,0.00015
2338,0.00065
2338.5,0.0009
2339,0.00095
2339.5,0.00115
2340,0.00093
2340.5,0.00137
2341,0.00118
2341.5,0.00114
2342,0.00112
2342.5,0.00072
2343,0.00097
2343.5,0.00084
2344,0.00092
2344.5,0.00085
2345,0.00085
2345.5,0.00114
2346,0.00099
2346.5,0.00092
2347,0.00044
2347.5,0.00041
2348,0.0002
2348.5,-0.00025
2349,-0.00011
2349.5,-0.00013
2350,-0.00033
2350.5,-0.00055
2351,-0.00063
2351.5,-0.00083
2352,-0.00075
2352.5,-0.00072
2353,-0.00062
2353.5,-0.00067
2354,-0.00039
2354.5,-0.00057
2355,-0.00073
2355.5,-0.00077
2356,-0.00068
2356.5,-0.00049
2357,-0.00051
2357.5,1.00E-05
2358,0.00025
2358.5,0.00044
2359,0.00085
2359.5,0.00068
2360,0.00029
2360.5,0.00048
2361,0.00055
2361.5,0.00089
2362,0.00096
2362.5,0.00116
2363,0.00131
2363.5,0.00111
2364,0.00077
2364.5,0.00104
2365,0.00098
2365.5,0.00118
2366,0.00168
2366.5,0.00182
2367,0.0017
2367.5,0.0016
2368,0.00162
2368.5,0.0014
2369,0.00117
2369.5,0.00136
2370,0.00198
2370.5,0.00199
2371,0.00204
2371.5,0.00182
2372,0.0013
2372.5,0.00059
2373,0.00047
2373.5,0.00027
2374,0.00047
2374.5,0.0006
2375,0.00017
2375.5,6.00E-05
2376,0.00013
2376.5,-0.00017
2377,-0.00025
2377.5,-0.00052
2378,-0.00047
2378.5,-0.00036
2379,-0.00032
2379.5,0.00025
2380,0
2380.5,1.00E-05
2381,0.00032
2381.5,0.00013
2382,0.00013
2382.5,0.00057
2383,0.00054
2383.5,0.00014
2384,-0.00019
2384.5,-0.00052
2385,-0.00036
2385.5,-0.00034
2386,-0.00061
2386.5,-0.00053
2387,-0.00091
2387.5,-0.00088
2388,-0.00063
2388.5,-0.0004
2389,-0.00021
2389.5,-0.00027
2390,2.00E-05
2390.5,0.00014
2391,0.0006
2391.5,0.00051
2392,0.00025
2392.5,0.00022
2393,0.00014
2393.5,7.00E-05
2394,0.00013
2394.5,-1.00E-05
2395,-0.00019
2395.5,-4.00E-05
2396,3.00E-05
2396.5,-1.00E-05
2397,0
2397.5,-0.0003
2398,-0.00044
2398.5,-0.00084
2399,-0.00096
2399.5,-0.00092
2400,-0.00071
2400.5,-0.00052
2401,-0.00057
2401.5,-0.00074
2402,-0.00085
2402.5,-0.00099
2403,-0.00112
2403.5,-0.0011
2404,-0.0012
2404.5,-0.00114
2405,-0.00125
2405.5,-0.00126
2406,-0.00139
2406.5,-0.00134
2407,-0.00163
2407.5,-0.0016
2408,-0.00138
2408.5,-0.00181
2409,-0.00147
2409.5,-0.00103
2410,-0.00107
2410.5,-0.0008
2411,-0.0008
2411.5,-0.00093
2412,-0.00084
2412.5,-0.00096
2413,-0.00084
2413.5,-0.00078
2414,-0.00054
2414.5,-0.00026
2415,-0.00069
2415.5,-0.00077
2416,-0.00111
2416.5,-0.001
2417,-0.00088
2417.5,-0.00076
2418,-0.0006
2418.5,-0.00076
2419,-0.00069
2419.5,-0.00087
2420,-0.00103
2420.5,-0.00102
2421,-0.00093
2421.5,-0.00064
2422,-0.00076
2422.5,-0.00073
2423,-0.0012
2423.5,-0.00155
2424,-0.00138
2424.5,-0.00111
2425,-0.00103
2425.5,-0.00066
2426,-0.00079
2426.5,-0.00073
2427,-0.00027
2427.5,3.00E-05
2428,0.00026
2428.5,0.00037
2429,7.00E-05
2429.5,-0.00029
2430,-0.00028
2430.5,-0.00028
2431,0.00014
2431.5,0.00036
2432,0.0004
2432.5,0.00048
2433,0.00041
2433.5,0.00039
2434,0.00032
2434.5,0.00027
2435,0.00019
2435.5,0.0003
2436,0.0005
2436.5,0.00061
2437,0.00081
2437.5,0.00043
2438,9.00E-05
2438.5,-0.00019
2439,-0.00045
2439.5,-0.00046
2440,-0.00039
2440.5,-4.00E-05
2441,-0.00035
2441.5,-0.00024
2442,-2.00E-05
2442.5,-0.00052
2443,-0.00045
2443.5,-0.00057
2444,-0.00062
2444.5,-0.00051
2445,-0.00055
2445.5,-0.00057
2446,-0.00053
2446.5,-0.00089
2447,-0.0006
2447.5,-0.00036
2448,-0.00024
2448.5,0.00012
2449,-0.00023
2449.5,-0.00018
2450,0
2450.5,-0.00021
2451,-0.00012
2451.5,-0.0001
2452,0.00015
2452.5,0.00013
2453,0.00024
2453.5,0.0002
2454,0.00015
2454.5,2.00E-05
2455,-0.00062
2455.5,-0.00066
2456,-0.00073
2456.5,-0.00065
2457,-0.00054
2457.5,-0.0004
2458,-0.00023
2458.5,-0.00038
2459,-0.00064
2459.5,-0.00055
2460,-0.00078
2460.5,-0.00098
2461,-0.0008
2461.5,-0.0007
2462,-0.00047
2462.5,-0.00032
2463,-0.00074
2463.5,-0.00107
2464,-0.00131
2464.5,-0.00164
2465,-0.0011
2465.5,-0.00097
2466,-0.00068
2466.5,-0.00058
2467,-0.0004
2467.5,-0.00051
2468,-0.00066
2468.5,-0.00108
2469,-0.00085
2469.5,-0.00039
2470,-0.00052
2470.5,-0.00032
2471,1.00E-05
2471.5,0.00013
2472,-4.00E-05
2472.5,-9.00E-05
2473,-0.00015
2473.5,-0.0002
2474,0.00017
2474.5,8.00E-05
2475,0.00036
2475.5,0.00029
2476,7.00E-05
2476.5,-0.00011
2477,-0.00024
2477.5,-0.00013
2478,0.00025
2478.5,0.00061
2479,0.00073
2479.5,0.00092
2480,0.00074
2480.5,0.00114
2481,0.00099
2481.5,0.0012
2482,0.00139
2482.5,0.00162
2483,0.00156
2483.5,0.0017
2484,0.00144
2484.5,0.00145
2485,0.00148
2485.5,0.0014
2486,0.00116
2486.5,0.00108
2487,0.00066
2487.5,0.00068
2488,0.00066
2488.5,0.00073
2489,0.00091
2489.5,0.00123
2490,0.00152
2490.5,0.00173
2491,0.00213
2491.5,0.00219
2492,0.00187
2492.5,0.00207
2493,0.00168
2493.5,0.00121
2494,0.0008
2494.5,0.00078
2495,0.00083
2495.5,0.00104
2496,0.00105
2496.5,0.00113
2497,0.00099
2497.5,0.00061
2498,-6.00E-05
2498.5,-0.00043
2499,-0.00072
2499.5,-0.00079
2500,-0.00072
2500.5,-0.00058
2501,-0.00065
2501.5,-0.00058
2502,-0.00065
2502.5,-0.00066
2503,-0.00071
2503.5,-0.00093
2504,-0.00098
2504.5,-0.0011
2505,-0.00123
2505.5,-0.00119
2506,-0.00124
2506.5,-0.00097
2507,-0.00109
2507.5,-0.00137
2508,-0.00136
2508.5,-0.00198
2509,-0.00157
2509.5,-0.00175
2510,-0.00182
2510.5,-0.00194
2511,-0.00188
2511.5,-0.00174
2512,-0.00154
2512.5,-0.00133
2513,-0.00101
2513.5,-0.00143
2514,-0.00131
2514.5,-0.00123
2515,-0.00136
2515.5,-0.00167
2516,-0.002
2516.5,-0.00215
2517,-0.00208
2517.5,-0.00219
2518,-0.00249
2518.5,-0.00263
2519,-0.00292
2519.5,-0.00262
2520,-0.00243
2520.5,-0.00225
2521,-0.00264
2521.5,-0.00239
2522,-0.00216
2522.5,-0.00188
2523,-0.00159
2523.5,-0.00167
2524,-0.00192
2524.5,-0.00216
2525,-0.00195
2525.5,-0.00146
2526,-0.00144
2526.5,-0.00188
2527,-0.0021
2527.5,-0.00236
2528,-0.00238
2528.5,-0.00245
2529,-0.00217
2529.5,-0.00185
2530,-0.00199
2530.5,-0.00149
2531,-0.00142
2531.5,-0.00134
2532,-0.00131
2532.5,-0.00115
2533,-0.0009
2533.5,-0.00087
2534,-0.00089
2534.5,-0.00109
2535,-0.0011
2535.5,-0.00085
2536,-0.00095
2536.5,-0.00078
2537,-0.0009
2537.5,-0.00083
2538,-0.00117
2538.5,-0.00118
2539,-0.00149
2539.5,-0.00124
2540,-0.00092
2540.5,-0.001
2541,-0.00083
2541.5,-0.00092
2542,-0.00082
2542.5,-0.00039
2543,-0.0003
2543.5,-0.00019
2544,0.00016
2544.5,2.00E-05
2545,0.00047
2545.5,0.00037
2546,0.00049
2546.5,0.0007
2547,6.00E-05
2547.5,0.00024
2548,0.00041
2548.5,0.00073
2549,0.00116
2549.5,0.00131
2550,0.00163
2550.5,0.00185
2551,0.00193
2551.5,0.00235
2552,0.00243
2552.5,0.00244
2553,0.00267
2553.5,0.00266
2554,0.0027
2554.5,0.00292
2555,0.00263
2555.5,0.00213
2556,0.00205
2556.5,0.00176
2557,0.00193
2557.5,0.00193
2558,0.00192
2558.5,0.00179
2559,0.00195
2559.5,0.00191
2560,0.00229
2560.5,0.00216
2561,0.00208
2561.5,0.00223
2562,0.00253
2562.5,0.00264
2563,0.00292
2563.5,0.00253
2564,0.00221
2564.5,0.00219
2565,0.00219
2565.5,0.00201
2566,0.00169
2566.5,0.0018
2567,0.00151
2567.5,0.0013
2568,0.00114
2568.5,0.00103
2569,0.00107
2569.5,0.00117
2570,0.00139
2570.5,0.00186
2571,0.0022
2571.5,0.00221
2572,0.00249
2572.5,0.00244
2573,0.00201
2573.5,0.00182
2574,0.00214
2574.5,0.00234
2575,0.00269
2575.5,0.00288
2576,0.00287
2576.5,0.00277
2577,0.00226
2577.5,0.00222
2578,0.00205
2578.5,0.00189
2579,0.00217
2579.5,0.00246
2580,0.0027
2580.5,0.00269
2581,0.00239
2581.5,0.00244
2582,0.00292
2582.5,0.0037
2583,0.00372
2583.5,0.00368
2584,0.00356
2584.5,0.00317
2585,0.00284
2585.5,0.00244
2586,0.00207
2586.5,0.00181
2587,0.00164
2587.5,0.00137
2588,0.00116
2588.5,0.00095
2589,0.00096
2589.5,0.00067
2590,0.00056
2590.5,0.00047
2591,0.00071
2591.5,0.00082
2592,0.00117
2592.5,0.00139
2593,0.00098
2593.5,0.00046
2594,0.00022
2594.5,0.0001
2595,2.00E-05
2595.5,-0.00031
2596,0.00027
2596.5,0.00052
2597,0.00045
2597.5,0.00066
2598,0.00075
2598.5,0.0004
2599,0.00032
2599.5,2.00E-05
2600,-8.00E-05
2600.5,-0.00013
2601,-4.00E-05
2601.5,0.00021
2602,0.00068
2602.5,0.00035
2603,0.00023
2603.5,0.00034
2604,0.00058
2604.5,0.00064
2605,0.00098
2605.5,0.00097
2606,0.00067
2606.5,0.00079
2607,0.0006
2607.5,0.00097
2608,0.00075
2608.5,0.00062
2609,0.00064
2609.5,0.00084
2610,0.00107
2610.5,0.00131
2611,0.00118
2611.5,0.00123
2612,0.00093
2612.5,0.00075
2613,0.00055
2613.5,0.00033
2614,-1.00E-05
2614.5,0
2615,0.00024
2615.5,0.00011
2616,-6.00E-05
2616.5,-7.00E-05
2617,-0.00032
2617.5,-8.00E-05
2618,0.00031
2618.5,0.00012
2619,0.00031
2619.5,0.00032
2620,0.0004
2620.5,0.00017
2621,4.00E-05
2621.5,9.00E-05
2622,7.00E-05
2622.5,4.00E-05
2623,0.00021
2623.5,0.00013
2624,-0.0004
2624.5,-0.00057
2625,-0.00058
2625.5,-0.00055
2626,-0.0004
2626.5,-0.00059
2627,-0.00096
2627.5,-0.00159
2628,-0.00202
2628.5,-0.00231
2629,-0.00228
2629.5,-0.00213
2630,-0.00205
2630.5,-0.00167
2631,-0.00177
2631.5,-0.00159
2632,-0.00168
2632.5,-0.00144
2633,-0.00125
2633.5,-0.00177
2634,-0.00188
2634.5,-0.00214
2635,-0.0019
2635.5,-0.00177
2636,-0.00133
2636.5,-0.00152
2637,-0.00141
2637.5,-0.00127
2638,-0.00154
2638.5,-0.00139
2639,-0.00125
2639.5,-0.00095
2640,-0.00081
2640.5,-0.00103
2641,-0.00115
2641.5,-0.00159
2642,-0.00112
2642.5,-0.00098
2643,-0.00096
2643.5,-0.00083
2644,-0.00069
2644.5,-0.00106
2645,-0.00126
2645.5,-0.00088
2646,-0.00047
2646.5,-0.00064
2647,-0.00081
2647.5,-0.00106
2648,-0.00118
2648.5,-0.00133
2649,-0.00107
2649.5,-0.00118
2650,-0.00118
2650.5,-0.00101
2651,-0.00112
2651.5,-0.00073
2652,-0.00074
2652.5,-0.00041
2653,-0.00052
2653.5,-0.0007
2654,-0.00063
2654.5,-0.00103
2655,-0.00129
2655.5,-0.00111
2656,-0.00119
2656.5,-0.00132
2657,-0.00124
2657.5,-0.00132
2658,-0.00145
2658.5,-0.00179
2659,-0.00178
2659.5,-0.00182
2660,-0.0016
2660.5,-0.0016
2661,-0.00157
2661.5,-0.00146
2662,-0.00147
2662.5,-0.00173
2663,-0.0018
2663.5,-0.00202
2664,-0.00175
2664.5,-0.00176
2665,-0.002
2665.5,-0.00173
2666,-0.00169
2666.5,-0.00171
2667,-0.00186
2667.5,-0.00134
2668,-0.0013
2668.5,-0.00166
2669,-0.00185
2669.5,-0.00182
2670,-0.00168
2670.5,-0.00145
2671,-0.0013
2671.5,-0.00103
2672,-0.00085
2672.5,-0.00088
2673,-0.00132
2673.5,-0.00158
2674,-0.00144
2674.5,-0.00127
2675,-0.00108
2675.5,-0.00103
2676,-0.00109
2676.5,-0.00064
2677,-0.00077
2677.5,-0.00087
2678,-0.00101
2678.5,-0.00115
2679,-0.00091
2679.5,-0.00084
2680,-0.00111
2680.5,-0.00102
2681,-0.00082
2681.5,-0.00074
2682,-0.00028
2682.5,-0.00024
2683,-8.00E-05
2683.5,-0.0004
2684,-0.00101
2684.5,-0.00118
2685,-0.00137
2685.5,-0.00151
2686,-0.00148
2686.5,-0.00148
2687,-0.00138
2687.5,-0.00134
2688,-0.00149
2688.5,-0.00138
2689,-0.00134
2689.5,-0.00111
2690,-0.00127
2690.5,-0.00111
2691,-0.00135
2691.5,-0.00124
2692,-0.00125
2692.5,-0.00141
2693,-0.00132
2693.5,-0.00127
2694,-0.00118
2694.5,-0.00105
2695,-0.00121
2695.5,-0.00105
2696,-0.00077
2696.5,-0.00034
2697,-0.00038
2697.5,-0.0003
2698,-0.00057
2698.5,-0.00068
2699,-0.00088
2699.5,-0.00112
2700,-0.00122
2700.5,-0.00128
2701,-0.00093
2701.5,-0.00094
2702,-0.00088
2702.5,-0.00051
2703,-0.00059
2703.5,-0.00031
2704,-0.00034
2704.5,-0.00034
2705,-0.00029
2705.5,-0.00048
2706,-0.00061
2706.5,-0.00075
2707,-0.00113
2707.5,-0.00104
2708,-0.00093
2708.5,-0.00097
2709,-0.00048
2709.5,-0.00021
2710,2.00E-05
2710.5,-0.00022
2711,-0.00042
2711.5,-0.00059
2712,-0.00086
2712.5,-0.00072
2713,-0.00103
2713.5,-0.001
2714,-0.0007
2714.5,-0.00038
2715,-0.00054
2715.5,-0.00025
2716,-0.00031
2716.5,-0.00044
2717,-4.00E-05
2717.5,-0.00037
2718,-0.00088
2718.5,-0.00087
2719,-0.00099
2719.5,-0.00099
2720,-0.00103
2720.5,-0.00143
2721,-0.00132
2721.5,-0.00073
2722,-0.00044
2722.5,-0.0002
2723,-0.00042
2723.5,-0.00085
2724,-0.00065
2724.5,-0.00071
2725,-0.00071
2725.5,-0.00025
2726,5.00E-05
2726.5,7.00E-05
2727,0.00013
2727.5,9.00E-05
2728,0.0006
2728.5,0.00055
2729,0.00025
2729.5,0.00036
2730,1.00E-05
2730.5,0.00023
2731,0.00045
2731.5,0.00062
2732,0.00031
2732.5,-5.00E-05
2733,-0.00024
2733.5,-0.00052
2734,-0.00066
2734.5,-0.00046
2735,0.00014
2735.5,0.00016
2736,0.00039
2736.5,0.00081
2737,0.00093
2737.5,0.00126
2738,0.00143
2738.5,0.00121
2739,0.00157
2739.5,0.00156
2740,0.00188
2740.5,0.00218
2741,0.00213
2741.5,0.002
2742,0.00213
2742.5,0.00215
2743,0.00191
2743.5,0.00191
2744,0.00135
2744.5,0.0019
2745,0.00215
2745.5,0.00191
2746,0.00198
2746.5,0.00162
2747,0.00137
2747.5,0.00142
2748,0.00148
2748.5,0.00108
2749,0.00105
2749.5,0.00101
2750,0.00079
2750.5,0.00054
2751,0.00038
2751.5,0.00019
2752,7.00E-05
2752.5,0.0003
2753,0.00035
2753.5,-0.0001
2754,-0.00032
2754.5,-0.00015
2755,-0.00047
2755.5,-0.00064
2756,4.00E-05
2756.5,0.00023
2757,0.00041
2757.5,0.00055
2758,0.00025
2758.5,0.00019
2759,0.00056
2759.5,0.00038
2760,0.00018
2760.5,0.0003
2761,0.00057
2761.5,0.00049
2762,0.00076
2762.5,0.00067
2763,0.0011
2763.5,0.00114
2764,0.0012
2764.5,0.00115
2765,0.00131
2765.5,0.00149
2766,0.00131
2766.5,0.00145
2767,0.00129
2767.5,0.0012
2768,0.00085
2768.5,0.00047
2769,0.00052
2769.5,0.00052
2770,0.0007
2770.5,0.00053
2771,0.00077
2771.5,0.00095
2772,0.00111
2772.5,0.00116
2773,0.00099
2773.5,0.00073
2774,0.0001
2774.5,0.00026
2775,0.00049
2775.5,0.00094
2776,0.00085
2776.5,0.0009
2777,0.00064
2777.5,0.00067
2778,0.00032
2778.5,0.0005
2779,0.00053
2779.5,-5.00E-05
2780,-0.00019
2780.5,0.00029
2781,0.00012
2781.5,0.00034
2782,0.00043
2782.5,0.00092
2783,0.00111
2783.5,0.00123
2784,0.00125
2784.5,0.00101
2785,0.00065
2785.5,0.00058
2786,0.00031
2786.5,0.00025
2787,0.00017
2787.5,0.00029
2788,-8.00E-05
2788.5,0.00012
2789,8.00E-05
2789.5,0.00012
2790,0.00027
2790.5,0.0002
2791,0.0001
2791.5,-2.00E-05
2792,-0.00011
2792.5,-8.00E-05
2793,-0.00026
2793.5,-0.00033
2794,-0.00047
2794.5,-0.0005
2795,-0.00041
2795.5,-0.00025
2796,-0.00028
2796.5,2.00E-05
2797,0.00047
2797.5,0.00076
2798,0.00107
2798.5,0.00066
2799,0.00044
2799.5,0.00012
2800,-6.00E-05
2800.5,0.00011
2801,0.00021
2801.5,0.00047
2802,0.0007
2802.5,0.00055
2803,0.00068
2803.5,0.00067
2804,0.00073
2804.5,0.00067
2805,0.00046
2805.5,0.00043
2806,0.00054
2806.5,0.00039
2807,0.0002
2807.5,0.00031
2808,0.00025
2808.5,0.00022
2809,0.00061
2809.5,0.0007
2810,0.00092
2810.5,0.00058
2811,0.00065
2811.5,0.00049
2812,0.00035
2812.5,0.00041
2813,0.00015
2813.5,0.00018
2814,0.00053
2814.5,0.00033
2815,0.00057
2815.5,0.00082
2816,0.00071
2816.5,0.00069
2817,0.00053
2817.5,0.00047
2818,7.00E-05
2818.5,0
2819,2.00E-05
2819.5,9.00E-05
2820,-0.00026
2820.5,-0.00058
2821,-0.00038
2821.5,-3.00E-05
2822,0.00056
2822.5,0.00035
2823,0.00068
2823.5,0.00082
2824,0.00051
2824.5,0.0006
2825,0.00068
2825.5,0.00073
2826,0.0009
2826.5,0.00113
2827,0.00133
2827.5,0.00156
2828,0.00163
2828.5,0.00175
2829,0.00143
2829.5,0.00133
2830,0.00108
2830.5,0.00138
2831,0.00131
2831.5,0.00139
2832,0.0012
2832.5,0.00069
2833,0.00038
2833.5,0.00016
2834,0.00023
2834.5,-0.00028
2835,-0.00038
2835.5,-0.00028
2836,-1.00E-05
2836.5,0.00014
2837,-0.00016
2837.5,7.00E-05
2838,-0.0002
2838.5,-0.00016
2839,-0.00028
2839.5,5.00E-05
2840,0.00021
2840.5,0.00026
2841,0.0004
2841.5,0.00056
2842,2.00E-05
2842.5,-0.0001
2843,-0.00046
2843.5,-0.00086
2844,-0.00058
2844.5,-0.00048
2845,-0.0003
2845.5,9.00E-05
2846,1.00E-05
2846.5,-0.00019
2847,-0.0001
2847.5,0
2848,0.00017
2848.5,0.00033
2849,-4.00E-05
2849.5,0
2850,3.00E-05
2850.5,0.00014
2851,0.00024
2851.5,0.00045
2852,0.00058
2852.5,0.00061
2853,0.00071
2853.5,0.00062
2854,0.00111
2854.5,0.0007
2855,0.00064
2855.5,0.00056
2856,9.00E-05
2856.5,-1.00E-05
2857,-0.00018
2857.5,-0.00017
2858,-0.0001
2858.5,0.00039
2859,0.00098
2859.5,0.00124
2860,0.00122
2860.5,0.00136
2861,0.00151
2861.5,0.00139
2862,0.00088
2862.5,0.00069
2863,0.00055
2863.5,0.00033
2864,0.0001
2864.5,6.00E-05
2865,0.00042
2865.5,0.00065
2866,0.00086
2866.5,0.00092
2867,0.00055
2867.5,0.00016
2868,0.00029
2868.5,0.00016
2869,0.00018
2869.5,0.00064
2870,0.00092
2870.5,0.00134
2871,0.00138
2871.5,0.001
2872,0.00108
2872.5,0.00149
2873,0.0016
2873.5,0.00151
2874,0.00147
2874.5,0.00117
2875,0.00115
2875.5,0.00117
2876,0.0012
2876.5,0.00132
2877,0.00129
2877.5,0.00103
2878,0.0007
2878.5,0.00036
2879,0.00069
2879.5,0.00085
2880,0.0009
2880.5,0.00069
2881,0.00084
2881.5,0.00082
2882,0.00073
2882.5,0.0006
2883,0.001
2883.5,0.00118
2884,0.00086
2884.5,0.0011
2885,0.00128
2885.5,0.00144
2886,0.00142
2886.5,0.0016
2887,0.00154
2887.5,0.00134
2888,0.00142
2888.5,0.00128
2889,0.00129
2889.5,0.00106
2890,0.00108
2890.5,0.00104
2891,0.00071
2891.5,0.00051
2892,0.00068
2892.5,0.00027
2893,0.00056
2893.5,0.0007
2894,0.00093
2894.5,0.00111
2895,0.00127
2895.5,0.00114
2896,0.00116
2896.5,0.0013
2897,0.00107
2897.5,0.00127
2898,0.00082
2898.5,0.00048
2899,0.00062
2899.5,0.00059
2900,0.00045
2900.5,0.00049
2901,0.00064
2901.5,0.00114
2902,0.00115
2902.5,0.00119
2903,0.00121
2903.5,0.00132
2904,0.00118
2904.5,0.00098
2905,0.00094
2905.5,0.00065
2906,0.00075
2906.5,0.00099
2907,0.00118
2907.5,0.00089
2908,0.00043
2908.5,0.00036
2909,-0.00023
2909.5,-0.00068
2910,-0.00059
2910.5,-0.00057
2911,-0.00044
2911.5,-0.00017
2912,-0.00043
2912.5,-0.00072
2913,-0.00083
2913.5,-0.00101
2914,-0.00095
2914.5,-0.00102
2915,-0.0011
2915.5,-0.0008
2916,-0.00098
2916.5,-0.00132
2917,-0.00178
2917.5,-0.00185
2918,-0.00172
2918.5,-0.00181
2919,-0.00168
2919.5,-0.00166
2920,-0.00183
2920.5,-0.00167
2921,-0.00133
2921.5,-0.0011
2922,-0.0008
2922.5,-0.00046
2923,-0.00037
2923.5,-0.00063
2924,-0.00096
2924.5,-0.00151
2925,-0.00178
2925.5,-0.00159
2926,-0.0019
2926.5,-0.00199
2927,-0.00172
2927.5,-0.00154
2928,-0.00116
2928.5,-0.00116
2929,-0.00141
2929.5,-0.00176
2930,-0.00182
2930.5,-0.00186
2931,-0.0016
2931.5,-0.00153
2932,-0.00158
2932.5,-0.00159
2933,-0.00149
2933.5,-0.00187
2934,-0.00198
2934.5,-0.00181
2935,-0.0017
2935.5,-0.00148
2936,-0.0011
2936.5,-0.00081
2937,-0.00067
2937.5,-0.00032
2938,-0.00046
2938.5,-0.00072
2939,-0.00097
2939.5,-0.00102
2940,-0.00173
2940.5,-0.00189
2941,-0.0017
2941.5,-0.0018
2942,-0.00127
2942.5,-0.00122
2943,-0.00088
2943.5,-0.00093
2944,-0.00095
2944.5,-0.00107
2945,-0.00076
2945.5,-0.00072
2946,-0.00043
2946.5,-0.00024
2947,-0.00058
2947.5,-0.00089
2948,-0.00089
2948.5,-0.00099
2949,-0.00115
2949.5,-0.00114
2950,-0.00123
2950.5,-0.00083
2951,-0.00076
2951.5,-0.00033
2952,-7.00E-05
2952.5,-0.00011
2953,-0.00015
2953.5,-0.00013
2954,-0.00041
2954.5,-0.00053
2955,-0.00052
2955.5,-0.00073
2956,-0.00105
2956.5,-0.00066
2957,-8.00E-05
2957.5,0.00055
2958,0.00088
2958.5,0.0008
2959,0.00103
2959.5,0.00061
2960,0.00072
2960.5,0.00104
2961,0.00137
2961.5,0.00129
2962,0.00127
2962.5,0.00075
2963,0.00084
2963.5,0.00121
2964,0.00127
2964.5,0.00095
2965,0.00066
2965.5,0.00053
2966,0.00096
2966.5,0.00094
2967,0.00066
2967.5,0.0007
2968,0.00048
2968.5,0.00079
2969,0.00092
2969.5,0.0009
2970,0.00084
2970.5,0.00066
2971,0.00073
2971.5,0.0005
2972,0.00043
2972.5,0.00031
2973,0.00025
2973.5,0.00018
2974,0.00019
2974.5,-7.00E-05
2975,-0.00058
2975.5,-0.00052
2976,-0.00035
2976.5,-0.00051
2977,-0.00025
2977.5,-0.00013
2978,-0.00026
2978.5,-8.00E-05
2979,-7.00E-05
2979.5,-0.0002
2980,-0.00019
2980.5,-0.00017
2981,2.00E-05
2981.5,-0.00017
2982,-0.00013
2982.5,2.00E-05
2983,0.00025
2983.5,0.00033
2984,0.0006
2984.5,0.00095
2985,0.00089
2985.5,0.00095
2986,0.00067
2986.5,4.00E-05
2987,-2.00E-05
2987.5,-1.00E-05
2988,-1.00E-05
2988.5,0.00062
2989,0.0005
2989.5,0.00036
2990,0.00055
2990.5,0.00079
2991,0.00086
2991.5,0.00083
2992,0.0008
2992.5,0.00062
2993,0.00078
2993.5,0.00104
2994,0.00123
2994.5,0.00134
2995,0.00106
2995.5,0.00146
2996,0.00131
2996.5,0.00118
2997,0.00132
2997.5,0.00148
2998,0.00159
2998.5,0.00167
2999,0.00148
2999.5,0.00127
3000,0.00131
