姓名,赛季,球队,执教,投篮,命中,出手,三分,三分命中,三分出手,罚球,罚球命中,罚球出手,篮板,前场,后场,助攻,抢断,盖帽,失误,犯规,得分,胜,负,胜率
Rick Adelman,08--09,HOU,13,0.447,34.0,76.1,0.328,6.6,20.2,0.768,16.8,21.9,40.5,9.7,30.8,17.0,6.2,3.2,13.1,20.1,91.5,7,6,0.5379999999999999
Rick Adelman,07--08,HOU,6,0.409,32.2,78.7,0.292,5.8,20.0,0.682,17.8,26.2,42.0,13.0,29.0,15.5,6.8,5.5,10.3,21.2,88.0,2,4,0.33299999999999996
Rick Adelman,05--06,SAC,6,0.443,34.7,78.2,0.33,5.2,15.7,0.792,22.8,28.8,38.3,12.3,26.0,15.3,7.5,2.5,12.7,26.0,97.3,2,4,0.33299999999999996
Rick Adelman,04--05,SAC,5,0.445,38.4,86.2,0.279,5.8,20.8,0.797,19.6,24.6,36.0,13.0,23.0,20.2,6.2,4.0,11.0,25.8,102.2,1,4,0.2
Rick Adelman,03--04,SAC,12,0.425,35.3,82.9,0.348,5.8,16.8,0.758,18.8,24.8,44.0,10.9,33.1,22.8,9.4,3.7,13.8,21.1,95.2,7,5,0.583
Rick Adelman,02--03,SAC,12,0.459,39.3,85.5,0.3670000000000001,6.8,18.4,0.777,22.7,29.2,44.3,12.8,31.5,22.6,7.5,4.8,12.8,23.0,107.9,7,5,0.583
Rick Adelman,01--02,SAC,16,0.448,36.9,82.5,0.308,5.0,16.3,0.741,22.2,29.9,45.6,12.9,32.6,20.6,7.5,4.7,14.3,23.8,101.1,10,6,0.625
Rick Adelman,00--01,SAC,8,0.403,34.6,86.0,0.35100000000000003,5.0,14.3,0.8170000000000001,23.4,28.6,47.6,15.1,32.5,16.8,8.1,5.3,16.4,24.3,97.6,3,5,0.375
Rick Adelman,99--00,SAC,5,0.415,33.6,81.0,0.379,6.6,17.4,0.753,22.6,30.0,41.2,11.8,29.4,16.8,6.8,3.6,11.4,22.0,96.4,2,3,0.4
Rick Adelman,98--99,SAC,5,0.407,32.4,79.6,0.279,6.2,22.2,0.742,19.6,26.4,41.4,12.8,28.6,18.2,10.6,4.4,17.6,23.8,90.6,2,3,0.4
Rick Adelman,93--94,POR,4,0.446,41.0,92.0,0.28600000000000003,3.0,10.5,0.7809999999999999,18.8,24.0,45.0,16.3,28.8,23.5,8.8,4.5,11.3,20.5,103.8,1,3,0.25
Rick Adelman,92--93,POR,4,0.407,36.5,89.8,0.306,2.8,9.0,0.723,21.5,29.8,46.5,17.8,28.8,19.3,6.8,5.8,12.3,25.3,97.3,1,3,0.25
Rick Adelman,91--92,POR,21,0.482,40.4,83.8,0.353,3.7,10.5,0.7509999999999999,25.5,33.9,42.6,13.9,28.7,25.8,8.8,4.6,15.2,26.3,110.0,13,8,0.619
Rick Adelman,90--91,POR,16,0.47,38.8,82.6,0.306,2.8,9.0,0.736,23.5,31.9,42.5,15.1,27.4,23.5,8.1,3.6,14.8,23.5,103.9,9,7,0.563
Rick Adelman,89--90,POR,21,0.445,39.3,88.4,0.333,3.1,9.3,0.727,25.4,34.9,44.2,15.5,28.7,23.5,8.7,5.4,15.7,26.7,107.1,12,9,0.5710000000000001
Rick Adelman,88--89,POR,3,0.454,42.7,94.0,0.31,3.0,9.7,0.757,18.7,24.7,41.3,17.7,23.7,27.0,7.0,5.3,13.0,24.7,107.0,0,3,0.0
Richie Adubato,96--97,ORL,5,0.408,29.8,73.0,0.322,5.8,18.0,0.746,18.8,25.2,37.6,9.6,28.0,13.2,6.4,5.0,11.4,19.0,84.2,2,3,0.4
Richie Adubato,89--90,DAL,3,0.473,38.3,81.0,0.31,3.0,9.7,0.765,20.7,27.0,40.0,11.3,28.7,20.3,8.0,5.7,17.7,27.3,100.3,0,3,0.0
Danny Ainge,98--99,PHO,3,0.43,34.7,80.7,0.375,7.0,18.7,0.738,16.0,21.7,33.0,10.3,22.7,22.3,10.3,2.3,13.7,29.0,92.3,0,3,0.0
Danny Ainge,97--98,PHO,4,0.434,37.0,85.3,0.333,4.3,12.8,0.6940000000000001,14.8,21.3,40.5,12.0,28.5,19.8,8.5,4.0,11.0,25.0,93.0,1,3,0.25
Danny Ainge,96--97,PHO,5,0.416,34.4,82.6,0.35200000000000004,10.2,29.0,0.763,21.2,27.8,40.4,10.0,30.4,22.8,8.2,5.2,16.0,22.0,100.2,2,3,0.4
Stan Albeck,85--86,CHI,3,0.462,42.7,92.3,0.25,0.7,2.7,0.7709999999999999,27.0,35.0,39.7,13.7,26.0,17.0,8.0,3.7,14.3,30.7,113.0,0,3,0.0
Stan Albeck,84--85,NJN,3,,,,,,,,,,,,,,,,,,,0,3,0.0
Stan Albeck,83--84,NJN,11,,,,,,,,,,,,,,,,,,,5,6,0.455
Stan Albeck,82--83,SAS,11,,,,,,,,,,,,,,,,,,,6,5,0.545
Stan Albeck,81--82,SAS,9,,,,,,,,,,,,,,,,,,,4,5,0.444
Stan Albeck,80--81,SAS,7,,,,,,,,,,,,,,,,,,,3,4,0.429
Al Attles,76--77,GSW,10,,,,,,,,,,,,,,,,,,,5,5,0.5
Al Attles,75--76,GSW,13,,,,,,,,,,,,,,,,,,,7,6,0.5379999999999999
Al Attles,74--75,GSW,17,,,,,,,,,,,,,,,,,,,12,5,0.706
Al Attles,72--73,GSW,11,,,,,,,,,,,,,,,,,,,5,6,0.455
Al Attles,71--72,GSW,5,,,,,,,,,,,,,,,,,,,1,4,0.2
Al Attles,70--71,SFW,5,,,,,,,,,,,,,,,,,,,1,4,0.2
Red Auerbach,65--66,BOS,17,,,,,,,,,,,,,,,,,,,11,6,0.647
Red Auerbach,64--65,BOS,12,,,,,,,,,,,,,,,,,,,8,4,0.667
Red Auerbach,63--64,BOS,10,,,,,,,,,,,,,,,,,,,8,2,0.8
Red Auerbach,62--63,BOS,13,,,,,,,,,,,,,,,,,,,8,5,0.615
Red Auerbach,61--62,BOS,14,,,,,,,,,,,,,,,,,,,8,6,0.5710000000000001
Red Auerbach,60--61,BOS,10,,,,,,,,,,,,,,,,,,,8,2,0.8
Red Auerbach,59--60,BOS,13,,,,,,,,,,,,,,,,,,,8,5,0.615
Red Auerbach,58--59,BOS,11,,,,,,,,,,,,,,,,,,,8,3,0.727
Red Auerbach,57--58,BOS,11,,,,,,,,,,,,,,,,,,,6,5,0.545
Red Auerbach,56--57,BOS,10,,,,,,,,,,,,,,,,,,,7,3,0.7
Red Auerbach,55--56,BOS,3,,,,,,,,,,,,,,,,,,,1,2,0.33299999999999996
Red Auerbach,54--55,BOS,7,,,,,,,,,,,,,,,,,,,3,4,0.429
Red Auerbach,53--54,BOS,6,,,,,,,,,,,,,,,,,,,2,4,0.33299999999999996
Red Auerbach,52--53,BOS,6,,,,,,,,,,,,,,,,,,,3,3,0.5
Red Auerbach,51--52,BOS,3,,,,,,,,,,,,,,,,,,,1,2,0.33299999999999996
Red Auerbach,50--51,BOS,2,,,,,,,,,,,,,,,,,,,0,2,0.0
Red Auerbach,49--50,TRI,3,,,,,,,,,,,,,,,,,,,1,2,0.33299999999999996
Ed Badger,76--77,CHI,3,,,,,,,,,,,,,,,,,,,1,2,0.33299999999999996
Cliff Barker,49--50,INO,6,,,,,,,,,,,,,,,,,,,3,3,0.5
Bob Bass,91--92,SAS,3,0.486,41.0,84.3,0.417,3.3,8.0,0.667,18.0,27.0,38.0,14.0,24.0,17.7,7.7,8.7,14.7,24.0,103.3,0,3,0.0
Bob Bass,79--80,SAS,3,,,,,,,,,,,,,,,,,,,1,2,0.33299999999999996
Bernie Bickerstaff,96--97,WSB,3,0.474,34.0,71.7,0.419,4.3,10.3,0.782,22.7,29.0,35.7,11.3,24.3,17.0,4.7,6.3,17.7,25.7,95.0,0,3,0.0
Bernie Bickerstaff,94--95,DEN,3,0.429,33.3,77.7,0.245,4.3,17.7,0.7859999999999999,22.0,28.0,41.0,14.0,27.0,20.0,6.0,7.0,16.7,35.0,93.0,0,3,0.0
Bernie Bickerstaff,88--89,SEA,8,0.454,39.9,87.9,0.263,2.6,10.0,0.71,19.6,27.6,43.8,17.4,26.4,23.3,8.6,7.5,15.5,27.3,102.0,3,5,0.375
Bernie Bickerstaff,87--88,SEA,5,0.516,46.0,89.2,0.282,2.2,7.8,0.7040000000000001,20.0,28.4,44.6,13.8,30.8,27.6,5.2,4.0,14.8,29.8,114.2,2,3,0.4
Bernie Bickerstaff,86--87,SEA,14,0.461,43.1,93.6,0.319,2.1,6.7,0.7490000000000001,21.7,29.0,44.1,17.4,26.7,27.1,8.6,5.6,13.7,29.4,110.1,7,7,0.5
Paul Birch,53--54,FTW,4,,,,,,,,,,,,,,,,,,,0,4,0.0
Paul Birch,52--53,FTW,8,,,,,,,,,,,,,,,,,,,4,4,0.5
Paul Birch,51--52,FTW,2,,,,,,,,,,,,,,,,,,,0,2,0.0
Larry Bird,99--00,IND,23,0.443,35.0,78.9,0.379,7.1,18.8,0.8270000000000001,21.0,25.4,40.5,10.1,30.4,20.3,5.4,4.7,10.8,23.4,98.1,13,10,0.565
Larry Bird,98--99,IND,13,0.441,32.8,74.2,0.363,6.5,18.0,0.763,21.5,28.2,41.5,11.6,29.8,20.7,6.6,5.2,15.3,26.0,93.6,9,4,0.6920000000000001
Larry Bird,97--98,IND,16,0.46,32.0,69.6,0.375,5.4,14.5,0.76,22.3,29.4,35.3,9.3,26.0,19.1,7.2,4.9,13.8,24.8,91.8,10,6,0.625
Bill Blair,82--83,NJN,2,,,,,,,,,,,,,,,,,,,0,2,0.0
Jim Boylan,12--13,MIL,4,0.433,33.3,76.8,0.261,6.0,23.0,0.63,12.8,20.3,34.8,8.8,26.0,19.8,10.0,2.5,15.8,19.8,85.3,0,4,0.0
Allan Bristow,94--95,CHH,4,0.424,31.5,74.3,0.313,5.3,16.8,0.8079999999999999,24.3,30.0,37.3,13.5,23.8,21.3,6.0,5.0,14.5,23.5,92.5,1,3,0.25
Allan Bristow,92--93,CHH,9,0.466,40.3,86.6,0.271,1.4,5.3,0.718,20.3,28.3,41.6,14.3,27.2,24.0,10.1,4.9,15.0,22.4,102.4,4,5,0.444
Scott Brooks,16--17,WAS,13,0.457,40.1,87.6,0.317,8.4,26.5,0.794,19.5,24.6,43.0,11.2,31.8,22.8,7.9,6.7,13.1,23.0,108.1,7,6,0.5379999999999999
Scott Brooks,13--14,OKC,19,0.45,36.6,81.4,0.32299999999999995,7.5,23.3,0.82,21.8,26.6,45.2,11.2,34.1,19.3,6.3,6.2,14.8,23.0,102.5,10,9,0.526
Scott Brooks,12--13,OKC,11,0.4270000000000001,34.8,81.6,0.349,8.6,24.7,0.838,20.2,24.1,42.9,9.8,33.1,18.1,6.0,7.0,13.0,24.9,98.5,5,6,0.455
Scott Brooks,11--12,OKC,20,0.465,37.2,80.0,0.355,6.8,19.2,0.82,20.1,24.5,39.8,9.3,30.5,18.0,8.7,6.9,11.2,22.4,101.3,13,7,0.65
Scott Brooks,10--11,OKC,17,0.443,35.3,79.7,0.316,6.3,19.9,0.816,25.6,31.4,45.9,13.1,32.9,17.6,6.8,7.6,14.9,25.0,102.5,9,8,0.529
Scott Brooks,09--10,OKC,6,0.391,30.7,78.5,0.297,5.5,18.5,0.835,27.0,32.3,43.3,11.7,31.7,16.2,6.5,6.2,11.3,22.8,93.8,2,4,0.33299999999999996
Herb Brown,76--77,DET,3,,,,,,,,,,,,,,,,,,,1,2,0.33299999999999996
Herb Brown,75--76,DET,9,,,,,,,,,,,,,,,,,,,4,5,0.444
Hubie Brown,03--04,MEM,4,0.424,30.8,72.5,0.294,3.8,12.8,0.777,18.3,23.5,34.5,9.5,25.0,14.5,9.5,5.0,14.0,25.0,83.5,0,4,0.0
Hubie Brown,83--84,NYK,12,,,,,,,,,,,,,,,,,,,6,6,0.5
Hubie Brown,82--83,NYK,6,,,,,,,,,,,,,,,,,,,2,4,0.33299999999999996
Hubie Brown,79--80,ATL,5,,,,,,,,,,,,,,,,,,,1,4,0.2
Hubie Brown,78--79,ATL,9,,,,,,,,,,,,,,,,,,,5,4,0.556
Hubie Brown,77--78,ATL,2,,,,,,,,,,,,,,,,,,,0,2,0.0
Larry Brown,09--10,CHA,4,0.443,31.3,70.5,0.279,4.8,17.0,0.716,18.3,25.5,36.5,8.5,28.0,20.3,5.5,4.5,14.3,26.8,85.5,0,4,0.0
Larry Brown,04--05,DET,25,0.4370000000000001,34.5,79.0,0.326,4.5,13.9,0.742,16.8,22.6,42.3,12.4,29.9,20.5,7.3,6.1,11.5,21.0,90.3,15,10,0.6
Larry Brown,03--04,DET,23,0.412,31.4,76.3,0.304,4.2,13.9,0.7340000000000001,20.1,27.3,44.8,12.9,32.0,19.4,8.0,7.1,13.8,22.5,87.1,16,7,0.696
Larry Brown,02--03,PHI,12,0.443,33.7,75.9,0.35200000000000004,3.8,10.7,0.8029999999999999,21.0,26.2,41.8,12.1,29.8,18.9,7.2,2.5,14.3,23.9,92.1,6,6,0.5
Larry Brown,01--02,PHI,5,0.413,30.4,73.6,0.308,4.0,13.0,0.7559999999999999,24.2,32.0,41.2,12.6,28.6,19.4,9.0,4.0,13.4,18.6,89.0,2,3,0.4
Larry Brown,00--01,PHI,23,0.421,34.0,80.8,0.336,3.8,11.4,0.7609999999999999,20.4,26.9,43.9,14.1,29.7,20.0,8.0,4.9,11.7,20.7,92.3,12,11,0.522
Larry Brown,99--00,PHI,10,0.428,34.2,80.0,0.317,3.9,12.3,0.742,21.9,29.5,42.4,13.5,28.9,19.1,6.5,4.5,11.5,22.6,94.2,5,5,0.5
Larry Brown,98--99,PHI,8,0.422,34.6,82.1,0.238,2.5,10.5,0.7140000000000001,17.5,24.5,44.4,16.9,27.5,19.0,10.4,5.1,12.9,25.5,89.3,3,5,0.375
Larry Brown,95--96,IND,5,0.44,32.4,73.6,0.298,3.4,11.4,0.77,18.8,24.4,42.2,14.0,28.2,17.2,8.4,3.2,17.8,23.2,87.0,2,3,0.4
Larry Brown,94--95,IND,17,0.459,33.9,73.9,0.36,5.5,15.4,0.77,25.2,32.8,41.4,13.4,28.1,20.6,5.5,3.4,15.2,27.0,98.6,10,7,0.588
Larry Brown,93--94,IND,16,0.445,33.3,74.7,0.381,3.7,9.7,0.725,20.1,27.7,40.5,13.4,27.1,21.7,9.2,4.2,16.4,24.8,90.3,10,6,0.625
Larry Brown,92--93,LAC,5,0.424,37.4,88.2,0.429,2.4,5.6,0.647,15.0,23.2,42.8,14.6,28.2,23.6,11.0,4.2,13.6,23.0,92.2,2,3,0.4
Larry Brown,91--92,LAC,5,0.48,39.0,81.2,0.259,1.4,5.4,0.7070000000000001,18.8,26.6,40.6,13.4,27.2,22.2,6.0,5.6,12.8,25.8,98.2,2,3,0.4
Larry Brown,90--91,SAS,4,0.486,40.5,83.3,0.115,0.8,6.5,0.754,26.0,34.5,43.3,12.0,31.3,26.5,9.5,5.8,17.0,23.3,107.8,1,3,0.25
Larry Brown,89--90,SAS,10,0.503,47.9,95.3,0.172,0.5,2.9,0.7020000000000001,20.7,29.5,48.3,15.6,32.7,30.4,8.5,6.2,16.4,27.7,117.0,6,4,0.6
Larry Brown,81--82,NJN,2,,,,,,,,,,,,,,,,,,,0,2,0.0
Larry Brown,77--78,DEN,13,,,,,,,,,,,,,,,,,,,6,7,0.462
Larry Brown,76--77,DEN,6,,,,,,,,,,,,,,,,,,,2,4,0.33299999999999996
Mike Brown,11--12,LAL,12,0.423,35.2,83.2,0.304,5.3,17.3,0.778,18.4,23.7,44.8,14.2,30.7,18.8,5.8,7.8,11.8,19.7,94.0,5,7,0.41700000000000004
Mike Brown,09--10,CLE,11,0.469,34.9,74.5,0.348,7.2,20.6,0.741,23.2,31.3,39.7,8.6,31.1,21.1,6.1,6.6,14.5,21.9,100.2,6,5,0.545
Mike Brown,08--09,CLE,14,0.463,34.8,75.1,0.336,6.6,19.8,0.742,21.4,28.8,40.3,10.1,30.2,19.1,6.6,4.6,11.2,20.6,97.6,10,4,0.7140000000000001
Mike Brown,07--08,CLE,13,0.42,31.1,74.1,0.345,6.7,19.4,0.721,21.1,29.2,40.9,11.8,29.2,20.2,6.0,4.8,12.8,22.1,89.9,7,6,0.5379999999999999
Mike Brown,06--07,CLE,20,0.421,32.1,76.3,0.326,5.4,16.6,0.737,19.2,26.1,43.3,11.9,31.4,17.5,7.2,3.5,12.3,20.7,88.8,12,8,0.6
Mike Brown,05--06,CLE,13,0.4370000000000001,33.6,76.8,0.32,4.2,13.2,0.764,18.9,24.8,42.2,12.5,29.8,16.2,6.5,4.2,13.5,24.6,90.4,7,6,0.5379999999999999
Philip Brownstein,49--50,CHS,2,,,,,,,,,,,,,,,,,,,0,2,0.0
Mike Budenholzer,16--17,ATL,6,0.444,37.5,84.5,0.305,8.3,27.3,0.764,22.2,29.0,44.3,11.3,33.0,22.3,6.0,3.5,15.5,21.3,105.5,2,4,0.33299999999999996
Mike Budenholzer,15--16,ATL,10,0.431,36.6,84.9,0.33,10.6,32.1,0.795,16.3,20.5,44.3,8.9,35.4,22.6,7.5,7.6,13.7,20.2,100.1,4,6,0.4
Mike Budenholzer,14--15,ATL,16,0.431,36.9,85.6,0.317,9.1,28.6,0.7809999999999999,15.2,19.4,43.7,9.8,33.9,23.8,8.5,4.9,12.1,19.7,98.0,8,8,0.5
Mike Budenholzer,13--14,ATL,7,0.385,30.3,78.7,0.343,11.3,32.9,0.828,20.6,24.9,39.3,9.1,30.1,16.9,6.6,4.6,12.9,20.9,92.4,3,4,0.429
Donnie Butcher,67--68,DET,6,,,,,,,,,,,,,,,,,,,2,4,0.33299999999999996
Jeff Bzdelik,03--04,DEN,5,0.4270000000000001,37.2,87.2,0.338,4.4,13.0,0.7020000000000001,11.8,16.8,43.2,14.4,28.8,20.4,7.8,2.8,13.8,24.2,90.6,1,4,0.2
John Calipari,97--98,NJN,3,0.47,37.0,78.7,0.318,2.3,7.3,0.757,18.7,24.7,39.3,12.3,27.0,16.7,7.0,3.3,13.0,26.0,95.0,0,3,0.0
 Carlesimo,12--13,BKN,7,0.442,37.0,83.7,0.316,6.1,19.4,0.758,19.3,25.4,42.1,11.7,30.4,19.9,6.3,5.6,11.1,19.9,99.4,3,4,0.429
 Carlesimo,96--97,POR,4,0.449,32.8,73.0,0.265,4.5,17.0,0.725,19.8,27.3,37.0,11.8,25.3,19.8,5.5,4.3,14.5,28.8,89.8,1,3,0.25
 Carlesimo,95--96,POR,5,0.393,30.2,76.8,0.384,6.6,17.2,0.6609999999999999,22.6,34.2,41.6,13.8,27.8,16.8,6.0,3.8,13.6,28.0,89.6,2,3,0.4
 Carlesimo,94--95,POR,3,0.479,38.3,80.0,0.3720000000000001,5.3,14.3,0.621,19.7,31.7,36.0,11.3,24.7,21.3,6.0,3.0,11.0,28.7,101.7,0,3,0.0
Rick Carlisle,15--16,DAL,5,0.436,35.4,81.2,0.292,6.2,21.2,0.6940000000000001,16.8,24.2,35.2,9.2,26.0,20.6,6.0,2.4,11.2,24.0,93.8,1,4,0.2
Rick Carlisle,14--15,DAL,5,0.452,41.6,92.0,0.311,7.6,24.4,0.762,19.2,25.2,47.4,13.6,33.8,21.2,7.0,4.6,13.6,27.2,110.0,1,4,0.2
Rick Carlisle,13--14,DAL,7,0.451,39.1,86.7,0.376,8.4,22.4,0.765,14.4,18.9,40.7,11.7,29.0,19.1,6.6,4.1,10.9,20.3,101.1,3,4,0.429
Rick Carlisle,11--12,DAL,4,0.404,31.5,78.0,0.3720000000000001,8.0,21.5,0.8320000000000001,22.3,26.8,40.5,10.5,30.0,15.5,8.0,3.5,14.0,20.8,93.3,0,4,0.0
Rick Carlisle,10--11,DAL,21,0.461,34.5,74.9,0.394,8.8,22.2,0.809,20.5,25.4,38.4,9.7,28.7,20.1,7.1,4.1,12.5,20.1,98.2,16,5,0.762
Rick Carlisle,09--10,DAL,6,0.429,34.0,79.3,0.328,6.3,19.3,0.7929999999999999,18.5,23.3,43.8,12.0,31.8,18.5,7.5,5.0,11.8,22.5,92.8,2,4,0.33299999999999996
Rick Carlisle,08--09,DAL,10,0.47,35.6,75.7,0.354,7.3,20.6,0.813,23.1,28.4,40.7,9.2,31.5,18.1,6.5,3.8,12.2,22.8,101.6,5,5,0.5
Rick Carlisle,05--06,IND,6,0.443,31.2,70.3,0.342,6.7,19.5,0.748,20.3,27.2,37.3,8.3,29.0,17.8,6.0,4.5,14.8,24.8,89.3,2,4,0.33299999999999996
Rick Carlisle,04--05,IND,13,0.395,28.8,73.0,0.316,5.6,17.8,0.784,20.7,26.4,40.1,10.9,29.2,18.0,8.1,5.9,14.8,22.0,84.0,6,7,0.462
Rick Carlisle,03--04,IND,16,0.408,30.7,75.1,0.333,5.9,17.8,0.733,18.2,24.8,42.1,10.8,31.3,17.9,8.7,6.3,13.1,23.5,85.5,10,6,0.625
Rick Carlisle,02--03,DET,17,0.41,30.2,73.8,0.35200000000000004,6.7,19.1,0.741,22.8,30.7,39.1,10.8,28.3,17.8,8.0,5.9,12.6,23.5,89.9,8,9,0.47100000000000003
Rick Carlisle,01--02,DET,10,0.399,29.4,73.6,0.354,8.0,22.6,0.723,16.2,22.4,37.7,9.6,28.1,18.7,7.2,5.6,13.8,21.0,83.0,4,6,0.4
John Carroll,03--04,BOS,4,0.408,28.8,70.5,0.333,5.3,15.8,0.8059999999999999,21.8,27.0,41.0,9.3,31.8,17.5,6.5,5.0,18.8,20.3,84.5,0,4,0.0
Butch Carter,99--00,TOR,3,0.374,27.7,74.0,0.277,4.3,15.7,0.774,24.0,31.0,42.7,13.0,29.7,19.0,9.0,4.3,13.3,26.0,83.7,0,3,0.0
Dwane Casey,16--17,TOR,10,0.444,35.3,79.5,0.332,7.8,23.5,0.813,18.3,22.5,39.4,6.9,32.5,19.6,7.4,4.5,12.1,20.9,96.7,4,6,0.4
Dwane Casey,15--16,TOR,20,0.421,34.3,81.4,0.298,6.9,23.0,0.737,18.1,24.5,40.4,10.8,29.6,15.7,7.6,3.7,12.1,21.9,93.4,10,10,0.5
Dwane Casey,14--15,TOR,4,0.416,36.8,88.3,0.3,7.5,25.0,0.718,15.3,21.3,38.5,8.8,29.8,19.5,7.5,2.3,11.8,25.0,96.3,0,4,0.0
Dwane Casey,13--14,TOR,7,0.441,32.7,74.1,0.313,6.6,21.0,0.833,24.1,29.0,41.7,10.1,31.6,17.7,5.6,3.0,14.0,25.9,96.1,3,4,0.429
Al Cervi,55--56,SYR,8,,,,,,,,,,,,,,,,,,,4,4,0.5
Al Cervi,54--55,SYR,11,,,,,,,,,,,,,,,,,,,7,4,0.636
Al Cervi,53--54,SYR,13,,,,,,,,,,,,,,,,,,,9,4,0.6920000000000001
Al Cervi,52--53,SYR,2,,,,,,,,,,,,,,,,,,,0,2,0.0
Al Cervi,51--52,SYR,7,,,,,,,,,,,,,,,,,,,3,4,0.429
Al Cervi,50--51,SYR,7,,,,,,,,,,,,,,,,,,,4,3,0.5710000000000001
Al Cervi,49--50,SYR,11,,,,,,,,,,,,,,,,,,,6,5,0.545
Don Chaney,90--91,HOU,3,0.462,38.3,83.0,0.308,4.0,13.0,0.7759999999999999,12.7,16.3,40.7,12.0,28.7,24.3,7.0,4.3,14.3,24.0,93.3,0,3,0.0
Don Chaney,89--90,HOU,4,0.453,38.3,84.5,0.275,2.8,10.0,0.667,18.5,27.8,39.0,15.3,23.8,22.8,9.0,6.5,13.5,21.8,97.8,1,3,0.25
Don Chaney,88--89,HOU,4,0.472,40.0,84.8,0.379,2.8,7.3,0.731,23.8,32.5,39.3,12.8,26.5,24.3,9.3,5.3,16.0,25.0,106.5,1,3,0.25
Maurice Cheeks,07--08,PHI,6,0.417,31.2,74.7,0.234,1.8,7.8,0.722,21.7,30.0,38.2,13.5,24.7,15.8,8.8,3.7,14.2,19.2,85.8,2,4,0.33299999999999996
Maurice Cheeks,02--03,POR,7,0.461,36.4,79.0,0.37,6.3,17.0,0.752,22.1,29.4,44.7,15.0,29.7,23.3,6.3,3.0,13.6,22.6,101.3,3,4,0.429
Maurice Cheeks,01--02,POR,3,0.382,31.3,82.0,0.37,6.7,18.0,0.795,22.0,27.7,44.0,12.0,32.0,20.7,8.3,3.0,14.0,27.0,91.3,0,3,0.0
Jerry Colangelo,69--70,PHO,7,,,,,,,,,,,,,,,,,,,3,4,0.429
Doug Collins,11--12,PHI,13,0.411,32.1,78.1,0.304,4.0,13.2,0.7190000000000001,17.5,24.4,41.8,10.8,31.0,18.2,7.6,5.3,11.1,18.7,85.7,7,6,0.5379999999999999
Doug Collins,10--11,PHI,5,0.414,33.8,81.6,0.39,6.4,16.4,0.7240000000000001,12.6,17.4,40.6,10.6,30.0,20.4,6.4,3.6,9.2,20.4,86.6,1,4,0.2
Doug Collins,96--97,DET,5,0.433,32.4,74.8,0.329,5.6,17.0,0.768,15.2,19.8,31.8,8.6,23.2,13.6,7.0,2.4,9.2,20.2,85.6,2,3,0.4
Doug Collins,95--96,DET,3,0.454,32.7,72.0,0.3,5.0,16.7,0.757,18.7,24.7,35.7,12.0,23.7,14.3,2.7,1.7,12.3,24.7,89.0,0,3,0.0
Doug Collins,88--89,CHI,17,0.469,36.6,78.1,0.353,4.3,12.2,0.759,22.1,29.1,41.2,12.2,29.0,23.5,7.8,4.2,15.1,26.4,99.6,9,8,0.529
Doug Collins,87--88,CHI,10,0.451,38.4,85.1,0.258,0.8,3.1,0.8109999999999999,17.2,21.2,43.0,14.3,28.7,23.4,7.1,4.0,14.0,23.8,94.8,4,6,0.4
Doug Collins,86--87,CHI,3,0.436,35.3,81.0,0.438,2.3,5.3,0.852,25.0,29.3,38.0,13.0,25.0,21.3,5.7,4.3,11.3,25.3,98.0,0,3,0.0
Tyrone Corbin,11--12,UTA,4,0.382,32.8,85.8,0.2,2.3,11.3,0.705,18.5,26.3,48.5,16.0,32.5,16.8,6.5,6.8,13.0,20.3,86.3,0,4,0.0
Larry Costello,75--76,MIL,3,,,,,,,,,,,,,,,,,,,1,2,0.33299999999999996
Larry Costello,73--74,MIL,16,,,,,,,,,,,,,,,,,,,11,5,0.688
Larry Costello,72--73,MIL,6,,,,,,,,,,,,,,,,,,,2,4,0.33299999999999996
Larry Costello,71--72,MIL,11,,,,,,,,,,,,,,,,,,,6,5,0.545
Larry Costello,70--71,MIL,14,,,,,,,,,,,,,,,,,,,12,2,0.857
Larry Costello,69--70,MIL,10,,,,,,,,,,,,,,,,,,,5,5,0.5
Dave Cowens,97--98,CHH,9,0.454,33.1,72.9,0.32,3.6,11.1,0.684,13.0,19.0,36.1,9.1,27.0,21.2,6.4,2.8,12.9,21.6,82.8,4,5,0.444
Dave Cowens,96--97,CHH,3,0.452,36.3,80.3,0.373,6.3,17.0,0.8059999999999999,16.7,20.7,37.0,12.7,24.3,18.3,6.7,3.0,12.7,21.0,95.7,0,3,0.0
Billy Cunningham,84--85,PHI,13,,,,,,,,,,,,,,,,,,,8,5,0.615
Billy Cunningham,83--84,PHI,5,,,,,,,,,,,,,,,,,,,2,3,0.4
Billy Cunningham,82--83,PHI,13,,,,,,,,,,,,,,,,,,,12,1,0.9229999999999999
Billy Cunningham,81--82,PHI,21,,,,,,,,,,,,,,,,,,,12,9,0.5710000000000001
Billy Cunningham,80--81,PHI,16,,,,,,,,,,,,,,,,,,,9,7,0.563
Billy Cunningham,79--80,PHI,18,,,,,,,,,,,,,,,,,,,12,6,0.667
Billy Cunningham,78--79,PHI,9,,,,,,,,,,,,,,,,,,,5,4,0.556
Billy Cunningham,77--78,PHI,10,,,,,,,,,,,,,,,,,,,6,4,0.6
Michael Curry,08--09,DET,4,0.409,31.5,77.0,0.245,3.0,12.3,0.828,12.0,14.5,33.5,7.5,26.0,16.5,4.3,3.0,11.0,23.8,78.0,0,4,0.0
Mike D,16--17,HOU,11,0.439,37.3,85.0,0.333,12.8,38.5,0.789,20.4,25.8,42.9,9.9,33.0,19.5,7.7,4.6,13.1,20.9,107.7,6,5,0.545
Mike D,12--13,LAL,4,0.442,34.5,78.0,0.27,5.0,18.5,0.608,11.3,18.5,40.0,8.5,31.5,18.5,5.8,5.3,16.3,17.5,85.3,0,4,0.0
Mike D,10--11,NYK,4,0.386,32.0,83.0,0.34700000000000003,8.3,23.8,0.747,18.5,24.8,40.5,14.5,26.0,16.8,6.5,6.8,14.5,18.8,90.8,0,4,0.0
Mike D,07--08,PHO,5,0.461,38.0,82.4,0.338,5.0,14.8,0.638,19.4,30.4,41.6,9.4,32.2,18.8,5.2,7.0,11.6,22.6,100.4,1,4,0.2
Mike D,06--07,PHO,11,0.477,39.0,81.8,0.379,7.1,18.7,0.78,19.0,24.4,40.4,9.2,31.2,23.4,6.4,5.2,13.3,19.6,104.1,6,5,0.545
Mike D,05--06,PHO,20,0.482,40.1,83.1,0.391,9.2,23.5,0.831,17.9,21.6,36.7,7.7,29.0,23.4,5.7,4.4,11.0,21.9,107.2,10,10,0.5
Mike D,04--05,PHO,15,0.493,41.8,84.8,0.436,8.6,19.7,0.767,19.8,25.8,43.1,12.1,31.1,20.5,6.1,6.3,12.5,20.1,112.0,9,6,0.6
Chuck Daly,98--99,ORL,4,0.376,27.8,73.8,0.31,6.8,21.8,0.7440000000000001,24.0,32.3,39.5,14.5,25.0,19.8,9.0,3.8,18.3,23.5,86.3,1,3,0.25
Chuck Daly,93--94,NJN,4,0.35700000000000004,26.8,75.0,0.26,3.3,12.5,0.7929999999999999,29.8,37.5,43.3,14.0,29.3,15.8,7.3,7.8,15.8,26.3,86.5,1,3,0.25
Chuck Daly,92--93,NJN,5,0.475,37.8,79.6,0.366,3.0,8.2,0.7979999999999999,15.0,18.8,39.0,11.0,28.0,21.8,8.4,6.4,16.0,20.8,93.6,2,3,0.4
Chuck Daly,91--92,DET,5,0.419,31.6,75.4,0.308,2.4,7.8,0.774,19.2,24.8,36.8,10.8,26.0,21.6,5.8,4.6,13.6,23.2,84.8,2,3,0.4
Chuck Daly,90--91,DET,15,0.444,38.5,86.6,0.317,3.1,9.7,0.731,21.1,28.8,44.7,16.3,28.4,20.7,5.3,3.9,11.3,25.9,101.1,7,8,0.467
Chuck Daly,89--90,DET,20,0.471,38.6,81.9,0.369,3.1,8.4,0.7509999999999999,21.6,28.7,43.7,14.0,29.8,21.1,6.7,4.5,14.5,25.1,101.8,15,5,0.75
Chuck Daly,88--89,DET,17,0.473,37.9,80.1,0.29600000000000004,2.5,8.4,0.762,22.4,29.4,44.2,13.8,30.4,22.6,4.9,4.5,11.6,25.0,100.6,15,2,0.882
Chuck Daly,87--88,DET,23,0.465,38.4,82.6,0.263,0.9,3.5,0.754,22.0,29.2,44.3,14.0,30.3,22.3,7.4,4.6,13.3,25.8,99.7,14,9,0.609
Chuck Daly,86--87,DET,15,0.498,43.1,86.6,0.311,0.9,3.0,0.7440000000000001,22.1,29.7,44.6,14.7,29.9,23.7,6.9,4.9,13.4,25.4,109.3,10,5,0.667
Chuck Daly,85--86,DET,4,0.481,46.8,97.3,0.1,0.3,2.5,0.728,22.8,31.3,47.3,17.5,29.8,25.8,6.5,2.5,16.5,30.0,116.5,1,3,0.25
Chuck Daly,84--85,DET,9,,,,,,,,,,,,,,,,,,,5,4,0.556
Chuck Daly,83--84,DET,5,,,,,,,,,,,,,,,,,,,2,3,0.4
Vinny Del,12--13,LAC,6,0.467,35.2,75.3,0.304,5.8,19.2,0.782,18.5,23.7,37.2,8.8,28.3,18.0,5.2,5.7,12.3,27.8,94.7,2,4,0.33299999999999996
Vinny Del,11--12,LAC,11,0.458,34.5,75.3,0.378,6.2,16.4,0.667,15.8,23.7,36.8,8.7,28.1,17.3,9.5,6.5,13.7,24.1,90.9,4,7,0.364
Vinny Del,09--10,CHI,5,0.439,37.8,86.2,0.29600000000000004,3.2,10.8,0.7979999999999999,18.2,22.8,41.0,10.8,30.2,19.0,5.8,3.0,9.4,21.4,97.0,1,4,0.2
Vinny Del,08--09,CHI,7,0.441,38.4,87.1,0.378,7.3,19.3,0.809,24.1,29.9,45.6,10.4,35.1,19.9,6.7,8.1,15.1,24.6,108.3,3,4,0.429
Tony DiLeo,08--09,PHI,6,0.453,34.0,75.0,0.368,5.8,15.8,0.71,14.7,20.7,36.8,8.0,28.8,17.8,6.2,3.0,13.7,23.0,88.5,2,4,0.33299999999999996
Larry Drew,12--13,ATL,6,0.422,32.7,77.3,0.33,6.2,18.7,0.682,17.8,26.2,38.3,8.3,30.0,19.2,7.3,3.8,12.0,24.2,89.3,2,4,0.33299999999999996
Larry Drew,11--12,ATL,6,0.401,31.8,79.3,0.31,5.8,18.8,0.784,12.7,16.2,42.5,10.0,32.5,17.5,5.5,3.3,14.8,19.8,82.2,2,4,0.33299999999999996
Larry Drew,10--11,ATL,12,0.434,32.9,75.8,0.32299999999999995,4.5,13.9,0.726,15.9,21.9,37.2,9.0,28.2,18.1,6.3,5.0,11.3,20.3,86.3,6,6,0.5
Mike Dunleavy,05--06,LAC,12,0.491,39.7,80.8,0.378,4.5,11.9,0.816,21.8,26.8,45.6,11.0,34.6,20.8,5.0,5.9,15.1,23.9,105.7,7,5,0.583
Mike Dunleavy,00--01,POR,3,0.419,32.0,76.3,0.262,5.3,20.3,0.7559999999999999,19.7,26.0,37.7,9.7,28.0,16.3,6.3,4.7,14.7,21.3,89.0,0,3,0.0
Mike Dunleavy,99--00,POR,16,0.444,32.4,73.1,0.3720000000000001,5.4,14.6,0.785,22.2,28.3,38.2,9.8,28.4,19.3,7.4,3.8,12.0,25.2,92.5,10,6,0.625
Mike Dunleavy,98--99,POR,13,0.424,29.4,69.4,0.34,3.8,11.1,0.752,23.6,31.4,38.8,9.8,28.9,18.2,7.7,4.2,13.2,24.1,86.2,7,6,0.5379999999999999
Mike Dunleavy,97--98,POR,4,0.453,36.0,79.5,0.377,5.8,15.3,0.772,22.0,28.5,41.8,14.0,27.8,24.0,7.0,5.3,15.8,29.8,99.8,1,3,0.25
Mike Dunleavy,91--92,LAL,4,0.431,33.5,77.8,0.45,2.3,5.0,0.777,25.3,32.5,33.8,11.0,22.8,20.0,9.0,3.8,14.3,25.5,94.5,1,3,0.25
Mike Dunleavy,90--91,LAL,19,0.483,38.3,79.3,0.34,3.4,9.9,0.789,23.8,30.2,39.3,11.5,27.8,23.1,7.1,4.8,14.2,20.4,103.8,12,7,0.632
Charles Eckman,56--57,FTW,2,,,,,,,,,,,,,,,,,,,0,2,0.0
Charles Eckman,55--56,FTW,10,,,,,,,,,,,,,,,,,,,4,6,0.4
Charles Eckman,54--55,FTW,11,,,,,,,,,,,,,,,,,,,6,5,0.545
Johnny Egan,74--75,HOU,8,,,,,,,,,,,,,,,,,,,3,5,0.375
Bob Feerick,49--50,WSC,2,,,,,,,,,,,,,,,,,,,0,2,0.0
Bill Fitch,96--97,LAC,3,0.436,32.7,75.0,0.333,6.0,18.0,0.733,21.0,28.7,33.3,10.3,23.0,16.3,6.3,4.3,11.3,29.0,92.3,0,3,0.0
Bill Fitch,91--92,NJN,4,0.441,42.0,95.3,0.293,3.0,10.3,0.711,14.8,20.8,40.8,16.0,24.8,25.8,10.8,7.8,13.3,28.3,101.8,1,3,0.25
Bill Fitch,87--88,HOU,4,0.452,39.0,86.3,0.36,2.3,6.3,0.8220000000000001,24.3,29.5,44.0,16.0,28.0,19.8,8.0,4.3,14.3,22.5,104.5,1,3,0.25
Bill Fitch,86--87,HOU,10,0.493,41.1,83.3,0.18600000000000005,0.8,4.3,0.772,26.7,34.6,43.5,14.1,29.4,25.2,6.2,7.2,17.6,25.8,109.7,5,5,0.5
Bill Fitch,85--86,HOU,20,0.485,44.7,92.3,0.26,0.7,2.5,0.715,21.3,29.7,47.3,16.9,30.5,28.6,8.6,7.5,15.0,23.1,111.3,13,7,0.65
Bill Fitch,84--85,HOU,5,,,,,,,,,,,,,,,,,,,2,3,0.4
Bill Fitch,82--83,BOS,7,,,,,,,,,,,,,,,,,,,2,5,0.28600000000000003
Bill Fitch,81--82,BOS,12,,,,,,,,,,,,,,,,,,,7,5,0.583
Bill Fitch,80--81,BOS,17,,,,,,,,,,,,,,,,,,,12,5,0.706
Bill Fitch,79--80,BOS,9,,,,,,,,,,,,,,,,,,,5,4,0.556
Bill Fitch,77--78,CLE,2,,,,,,,,,,,,,,,,,,,0,2,0.0
Bill Fitch,76--77,CLE,3,,,,,,,,,,,,,,,,,,,1,2,0.33299999999999996
Bill Fitch,75--76,CLE,13,,,,,,,,,,,,,,,,,,,6,7,0.462
Cotton Fitzsimmons,95--96,PHO,4,0.436,37.5,86.0,0.28800000000000003,3.8,13.0,0.762,20.0,26.3,41.5,14.5,27.0,21.8,5.0,4.3,11.0,21.5,98.8,1,3,0.25
Cotton Fitzsimmons,91--92,PHO,8,0.486,43.1,88.8,0.3720000000000001,3.6,9.8,0.8240000000000001,28.6,34.8,41.0,12.9,28.1,27.4,7.5,5.0,13.9,25.6,118.5,4,4,0.5
Cotton Fitzsimmons,90--91,PHO,4,0.418,34.0,81.3,0.265,2.3,8.5,0.7290000000000001,25.5,35.0,39.0,10.8,28.3,22.3,7.0,6.5,12.8,24.5,95.8,1,3,0.25
Cotton Fitzsimmons,89--90,PHO,16,0.477,39.7,83.3,0.313,2.3,7.2,0.79,26.5,33.6,43.9,12.3,31.6,23.0,6.7,4.9,15.3,23.3,108.1,9,7,0.563
Cotton Fitzsimmons,88--89,PHO,12,0.473,45.0,95.1,0.314,2.8,8.8,0.841,25.6,30.4,50.3,16.9,33.4,27.5,9.3,4.6,15.7,22.8,118.3,7,5,0.583
Cotton Fitzsimmons,85--86,SAS,3,0.466,38.7,83.0,0.2,0.7,3.3,0.6459999999999999,14.0,21.7,26.3,7.0,19.3,25.0,9.3,3.3,17.7,26.0,92.0,0,3,0.0
Cotton Fitzsimmons,84--85,SAS,5,,,,,,,,,,,,,,,,,,,2,3,0.4
Cotton Fitzsimmons,83--84,KCK,3,,,,,,,,,,,,,,,,,,,0,3,0.0
Cotton Fitzsimmons,80--81,KCK,15,,,,,,,,,,,,,,,,,,,7,8,0.467
Cotton Fitzsimmons,79--80,KCK,3,,,,,,,,,,,,,,,,,,,1,2,0.33299999999999996
Cotton Fitzsimmons,78--79,KCK,5,,,,,,,,,,,,,,,,,,,1,4,0.2
Cotton Fitzsimmons,72--73,ATL,6,,,,,,,,,,,,,,,,,,,2,4,0.33299999999999996
Tim Floyd,03--04,NOH,7,0.384,29.3,76.3,0.315,5.9,18.6,0.779,16.1,20.7,42.3,12.3,30.0,19.3,6.1,4.6,15.4,20.9,80.6,3,4,0.429
Chris Ford,94--95,BOS,4,0.402,31.8,79.0,0.375,5.3,14.0,0.745,17.5,23.5,42.5,16.5,26.0,20.3,5.3,4.5,16.5,25.0,86.3,1,3,0.25
Chris Ford,92--93,BOS,4,0.471,42.3,89.8,0.25,1.8,7.0,0.826,14.3,17.3,41.5,14.5,27.0,21.8,4.5,6.3,13.8,21.8,100.5,1,3,0.25
Chris Ford,91--92,BOS,10,0.499,44.2,88.6,0.194,0.6,3.1,0.767,18.1,23.6,42.2,14.2,28.0,24.9,7.3,5.3,11.4,22.0,107.1,6,4,0.6
Chris Ford,90--91,BOS,11,0.496,41.2,83.0,0.217,0.9,4.2,0.8009999999999999,27.1,33.8,41.8,11.5,30.3,22.1,6.5,3.8,12.4,25.0,110.4,5,6,0.455
Lawrence Frank,06--07,NJN,12,0.444,32.6,73.3,0.368,7.7,20.8,0.743,17.3,23.3,39.8,8.6,31.3,23.0,6.3,2.9,15.3,21.2,90.2,6,6,0.5
Lawrence Frank,05--06,NJN,11,0.452,34.3,75.8,0.307,5.4,17.5,0.7609999999999999,20.3,26.6,38.6,10.0,28.6,22.1,6.9,2.5,12.2,26.6,94.2,5,6,0.455
Lawrence Frank,04--05,NJN,4,0.395,33.5,84.8,0.29100000000000004,6.3,21.5,0.752,23.5,31.3,42.8,13.0,29.8,21.3,7.5,1.3,12.5,30.8,96.8,0,4,0.0
Lawrence Frank,03--04,NJN,11,0.423,30.8,72.8,0.272,4.5,16.4,0.73,22.1,30.3,42.7,10.6,32.1,20.5,8.6,5.4,17.0,26.0,88.2,7,4,0.636
Mike Fratello,05--06,MEM,4,0.451,30.0,66.5,0.313,3.8,12.0,0.726,20.5,28.3,34.3,8.3,26.0,14.0,4.8,3.8,16.0,27.5,84.3,0,4,0.0
Mike Fratello,04--05,MEM,4,0.473,41.5,87.8,0.392,7.8,19.8,0.706,12.0,17.0,39.5,11.8,27.8,21.0,5.8,4.5,9.8,24.5,102.8,0,4,0.0
Mike Fratello,97--98,CLE,4,0.435,26.8,61.5,0.292,1.8,6.0,0.723,25.5,35.3,34.5,10.0,24.5,18.5,8.5,3.0,17.3,23.8,80.8,1,3,0.25
Mike Fratello,95--96,CLE,3,0.423,31.3,74.0,0.254,5.3,21.0,0.778,11.7,15.0,37.0,11.7,25.3,19.7,6.3,4.7,11.3,21.0,79.7,0,3,0.0
Mike Fratello,94--95,CLE,4,0.408,27.3,66.8,0.417,6.3,15.0,0.7440000000000001,21.8,29.3,27.8,7.3,20.5,17.5,10.0,2.8,14.5,21.5,82.5,1,3,0.25
Mike Fratello,93--94,CLE,3,0.433,33.7,77.7,0.421,5.3,12.7,0.725,22.0,30.3,37.7,15.3,22.3,20.3,7.3,1.0,13.0,22.3,94.7,0,3,0.0
Mike Fratello,88--89,ATL,5,0.45,35.4,78.6,0.28300000000000003,2.6,9.2,0.772,29.8,38.6,41.6,15.2,26.4,25.6,5.4,5.8,13.0,24.0,103.2,2,3,0.4
Mike Fratello,87--88,ATL,12,0.503,42.6,84.7,0.259,1.2,4.5,0.785,22.3,28.3,38.6,12.6,26.0,26.4,7.6,5.1,11.8,26.2,108.6,6,6,0.5
Mike Fratello,86--87,ATL,9,0.477,37.2,78.1,0.226,0.8,3.4,0.752,24.9,33.1,42.3,14.3,28.0,26.0,6.6,6.0,14.4,29.0,100.1,4,5,0.444
Mike Fratello,85--86,ATL,9,0.494,43.4,88.0,0.28600000000000003,0.7,2.3,0.73,23.4,32.1,43.4,13.3,30.1,26.1,7.3,5.1,15.0,26.0,111.0,4,5,0.444
Mike Fratello,83--84,ATL,5,,,,,,,,,,,,,,,,,,,2,3,0.4
Harry Gallatin,63--64,STL,12,,,,,,,,,,,,,,,,,,,6,6,0.5
Harry Gallatin,62--63,STL,11,,,,,,,,,,,,,,,,,,,6,5,0.545
Alvin Gentry,09--10,PHO,16,0.477,38.0,79.6,0.384,9.4,24.4,0.773,21.8,28.1,40.1,10.7,29.4,20.8,5.9,4.1,12.0,22.4,107.1,10,6,0.625
Alvin Gentry,98--99,DET,5,0.429,32.2,75.0,0.362,3.4,9.4,0.792,11.4,14.4,35.2,11.2,24.0,17.8,7.2,1.8,11.6,22.6,79.2,2,3,0.4
Edward Gottlieb,51--52,PHW,3,,,,,,,,,,,,,,,,,,,1,2,0.33299999999999996
Edward Gottlieb,50--51,PHW,2,,,,,,,,,,,,,,,,,,,0,2,0.0
Edward Gottlieb,49--50,PHW,2,,,,,,,,,,,,,,,,,,,0,2,0.0
Richie Guerin,71--72,ATL,6,,,,,,,,,,,,,,,,,,,2,4,0.33299999999999996
Richie Guerin,70--71,ATL,5,,,,,,,,,,,,,,,,,,,1,4,0.2
Richie Guerin,69--70,ATL,9,,,,,,,,,,,,,,,,,,,4,5,0.444
Richie Guerin,68--69,ATL,11,,,,,,,,,,,,,,,,,,,5,6,0.455
Richie Guerin,67--68,STL,6,,,,,,,,,,,,,,,,,,,2,4,0.33299999999999996
Richie Guerin,66--67,STL,9,,,,,,,,,,,,,,,,,,,5,4,0.556
Richie Guerin,65--66,STL,10,,,,,,,,,,,,,,,,,,,6,4,0.6
Richie Guerin,64--65,STL,4,,,,,,,,,,,,,,,,,,,1,3,0.25
Matt Guokas,86--87,PHI,5,0.495,43.0,86.8,0.25,1.0,4.0,0.774,25.4,32.8,44.6,14.4,30.2,25.2,7.0,8.0,17.0,27.0,112.4,2,3,0.4
Matt Guokas,85--86,PHI,12,0.489,40.9,83.8,0.081,0.3,3.1,0.7390000000000001,27.4,37.1,44.8,15.8,29.1,24.9,8.9,7.1,16.7,23.0,109.5,6,6,0.5
Alex Hannum,67--68,PHI,13,,,,,,,,,,,,,,,,,,,7,6,0.5379999999999999
Alex Hannum,66--67,PHI,15,,,,,,,,,,,,,,,,,,,11,4,0.733
Alex Hannum,63--64,SFW,12,,,,,,,,,,,,,,,,,,,5,7,0.41700000000000004
Alex Hannum,62--63,SYR,5,,,,,,,,,,,,,,,,,,,2,3,0.4
Alex Hannum,61--62,SYR,5,,,,,,,,,,,,,,,,,,,2,3,0.4
Alex Hannum,60--61,SYR,8,,,,,,,,,,,,,,,,,,,4,4,0.5
Alex Hannum,57--58,STL,11,,,,,,,,,,,,,,,,,,,8,3,0.727
Alex Hannum,56--57,STL,10,,,,,,,,,,,,,,,,,,,6,4,0.6
Del Harris,97--98,LAL,13,0.474,35.6,75.1,0.344,6.0,17.5,0.65,23.0,35.4,40.1,13.4,26.7,22.7,7.4,7.8,12.5,24.6,100.2,7,6,0.5379999999999999
Del Harris,96--97,LAL,9,0.447,32.2,72.1,0.321,4.9,15.2,0.74,25.9,35.0,38.9,11.2,27.7,20.6,6.8,6.1,12.7,26.8,95.2,4,5,0.444
Del Harris,95--96,LAL,4,0.419,34.5,82.3,0.348,8.0,23.0,0.755,17.8,23.5,45.8,12.3,33.5,22.0,5.8,4.0,15.5,19.8,94.8,1,3,0.25
Del Harris,94--95,LAL,10,0.416,32.5,78.2,0.325,6.5,20.0,0.703,19.2,27.3,39.0,12.4,26.6,19.9,7.4,7.3,13.5,24.4,90.7,5,5,0.5
Del Harris,90--91,MIL,3,0.472,40.0,84.7,0.355,3.7,10.3,0.7390000000000001,17.0,23.0,38.3,11.7,26.7,24.3,8.0,1.7,17.0,25.7,100.7,0,3,0.0
Del Harris,89--90,MIL,4,0.478,35.0,73.3,0.349,3.8,10.8,0.768,27.3,35.5,33.5,10.0,23.5,22.5,9.0,4.8,16.3,29.8,101.0,1,3,0.25
Del Harris,88--89,MIL,9,0.462,36.2,78.3,0.29600000000000004,2.3,7.9,0.838,22.4,26.8,35.8,10.7,25.1,23.2,5.7,2.1,10.6,26.2,97.2,3,6,0.33299999999999996
Del Harris,87--88,MIL,5,0.478,39.8,83.2,0.269,1.4,5.2,0.7709999999999999,27.6,35.8,44.0,16.0,28.0,24.6,6.6,3.4,14.8,23.8,108.6,2,3,0.4
Del Harris,81--82,HOU,3,,,,,,,,,,,,,,,,,,,1,2,0.33299999999999996
Del Harris,80--81,HOU,21,,,,,,,,,,,,,,,,,,,12,9,0.5710000000000001
Del Harris,79--80,HOU,7,,,,,,,,,,,,,,,,,,,2,5,0.28600000000000003
Les Harrison,54--55,ROC,3,,,,,,,,,,,,,,,,,,,1,2,0.33299999999999996
Les Harrison,53--54,ROC,6,,,,,,,,,,,,,,,,,,,3,3,0.5
Les Harrison,52--53,ROC,3,,,,,,,,,,,,,,,,,,,1,2,0.33299999999999996
Les Harrison,51--52,ROC,6,,,,,,,,,,,,,,,,,,,3,3,0.5
Les Harrison,50--51,ROC,14,,,,,,,,,,,,,,,,,,,9,5,0.643
Les Harrison,49--50,ROC,2,,,,,,,,,,,,,,,,,,,0,2,0.0
Tom Heinsohn,76--77,BOS,9,,,,,,,,,,,,,,,,,,,5,4,0.556
Tom Heinsohn,75--76,BOS,18,,,,,,,,,,,,,,,,,,,12,6,0.667
Tom Heinsohn,74--75,BOS,11,,,,,,,,,,,,,,,,,,,6,5,0.545
Tom Heinsohn,73--74,BOS,18,,,,,,,,,,,,,,,,,,,12,6,0.667
Tom Heinsohn,72--73,BOS,13,,,,,,,,,,,,,,,,,,,7,6,0.5379999999999999
Tom Heinsohn,71--72,BOS,11,,,,,,,,,,,,,,,,,,,5,6,0.455
Bob Hill,95--96,SAS,10,0.471,34.6,73.4,0.453,5.3,11.7,0.711,19.7,27.7,38.8,11.1,27.7,21.3,7.6,5.2,13.2,21.3,94.2,5,5,0.5
Bob Hill,94--95,SAS,15,0.447,35.4,79.1,0.335,4.0,11.9,0.76,23.7,31.1,44.9,13.4,31.5,21.5,7.1,5.1,14.0,22.8,98.5,9,6,0.6
Bob Hill,92--93,IND,4,0.493,37.0,75.0,0.39,4.0,10.3,0.7859999999999999,24.8,31.5,36.0,9.5,26.5,24.0,6.0,4.0,14.8,25.3,102.8,1,3,0.25
Bob Hill,91--92,IND,3,0.459,37.0,80.7,0.444,6.7,15.0,0.7859999999999999,27.0,34.3,35.0,9.3,25.7,23.3,8.7,4.0,12.7,27.7,107.7,0,3,0.0
Bob Hill,90--91,IND,5,0.493,41.8,84.8,0.448,5.2,11.6,0.836,29.6,35.4,36.8,10.6,26.2,23.8,7.8,4.2,14.8,29.0,118.4,2,3,0.4
Brian Hill,06--07,ORL,4,0.478,34.5,72.3,0.345,2.5,7.3,0.579,16.5,28.5,40.3,11.3,29.0,18.0,4.3,3.5,14.0,24.3,88.0,0,4,0.0
Brian Hill,95--96,ORL,12,0.499,38.1,76.3,0.339,6.2,18.2,0.586,15.9,27.2,37.8,12.7,25.1,21.5,6.7,3.3,12.8,22.3,98.3,7,5,0.583
Brian Hill,94--95,ORL,21,0.482,37.2,77.3,0.396,8.5,21.4,0.669,19.5,29.1,40.2,12.8,27.4,23.2,7.3,5.2,14.1,23.9,102.4,11,10,0.524
Brian Hill,93--94,ORL,3,0.424,32.3,76.3,0.364,6.7,18.3,0.67,20.3,30.3,40.0,16.0,24.0,19.7,6.3,7.7,17.7,22.3,91.7,0,3,0.0
Lionel Hollins,14--15,BKN,6,0.435,36.2,83.2,0.354,8.5,24.0,0.7440000000000001,15.5,20.8,44.5,9.5,35.0,21.7,7.5,3.3,14.0,19.0,96.3,2,4,0.33299999999999996
Lionel Hollins,12--13,MEM,15,0.418,34.1,81.5,0.324,4.8,14.8,0.748,21.7,29.1,41.7,11.7,29.9,19.3,7.3,4.6,10.1,22.1,94.7,8,7,0.5329999999999999
Lionel Hollins,11--12,MEM,7,0.4270000000000001,32.6,76.3,0.289,3.4,11.9,0.7440000000000001,22.9,30.7,42.7,13.4,29.3,16.3,7.1,4.9,14.6,23.3,91.4,3,4,0.429
Lionel Hollins,10--11,MEM,13,0.4370000000000001,36.7,84.0,0.318,3.8,12.1,0.76,21.4,28.2,43.1,12.5,30.6,18.8,8.0,6.0,12.5,23.6,98.6,7,6,0.5379999999999999
Red Holzman,80--81,NYK,2,,,,,,,,,,,,,,,,,,,0,2,0.0
Red Holzman,74--75,NYK,3,,,,,,,,,,,,,,,,,,,1,2,0.33299999999999996
Red Holzman,73--74,NYK,12,,,,,,,,,,,,,,,,,,,5,7,0.41700000000000004
Red Holzman,72--73,NYK,17,,,,,,,,,,,,,,,,,,,12,5,0.706
Red Holzman,71--72,NYK,16,,,,,,,,,,,,,,,,,,,9,7,0.563
Red Holzman,70--71,NYK,12,,,,,,,,,,,,,,,,,,,7,5,0.583
Red Holzman,69--70,NYK,19,,,,,,,,,,,,,,,,,,,12,7,0.632
Red Holzman,68--69,NYK,10,,,,,,,,,,,,,,,,,,,6,4,0.6
Red Holzman,67--68,NYK,6,,,,,,,,,,,,,,,,,,,2,4,0.33299999999999996
Red Holzman,55--56,STL,8,,,,,,,,,,,,,,,,,,,4,4,0.5
George Irvine,99--00,DET,3,0.404,28.0,69.3,0.371,4.3,11.7,0.716,19.3,27.0,34.3,6.0,28.3,14.7,6.0,1.7,16.0,24.7,79.7,0,3,0.0
Dan Issel,93--94,DEN,12,0.43,33.0,76.8,0.348,4.0,11.5,0.7140000000000001,24.3,34.1,44.7,13.7,31.0,18.9,6.2,9.9,15.2,25.5,94.3,6,6,0.5
Mark Jackson,13--14,GSW,7,0.46,38.3,83.1,0.364,9.6,26.3,0.728,20.3,27.9,42.7,13.1,29.6,24.4,7.0,4.4,16.9,25.3,106.4,3,4,0.429
Mark Jackson,12--13,GSW,12,0.462,39.0,84.4,0.388,8.7,22.3,0.736,16.0,21.8,46.1,11.5,34.6,21.7,6.4,4.9,16.0,23.8,102.7,6,6,0.5
Phil Jackson,10--11,LAL,10,0.446,34.7,77.8,0.289,4.8,16.6,0.7759999999999999,19.0,24.5,40.9,12.6,28.3,18.9,6.9,5.1,12.2,20.6,93.2,4,6,0.4
Phil Jackson,09--10,LAL,23,0.46,37.3,81.2,0.33,6.8,20.7,0.754,19.6,26.0,42.9,12.8,30.1,19.7,6.7,6.2,11.9,23.2,101.1,16,7,0.696
Phil Jackson,08--09,LAL,23,0.465,37.4,80.5,0.377,7.0,18.4,0.747,20.6,27.5,42.0,11.1,30.9,19.4,7.9,6.3,12.5,23.5,102.4,16,7,0.696
Phil Jackson,07--08,LAL,21,0.468,36.8,78.6,0.3670000000000001,7.0,19.0,0.753,22.0,29.1,39.6,8.8,30.8,20.8,7.2,5.3,12.8,23.3,102.4,14,7,0.667
Phil Jackson,06--07,LAL,5,0.442,38.0,86.0,0.32299999999999995,6.4,19.8,0.722,15.6,21.6,43.4,14.2,29.2,14.4,5.8,4.0,14.8,23.0,98.0,1,4,0.2
Phil Jackson,05--06,LAL,7,0.454,37.7,83.1,0.333,7.1,21.4,0.764,18.0,23.6,42.6,11.0,31.6,17.1,6.4,3.1,14.4,22.9,100.6,3,4,0.429
Phil Jackson,03--04,LAL,22,0.444,33.0,74.5,0.321,5.0,15.5,0.612,17.1,27.9,40.2,10.2,30.0,22.6,7.3,4.2,12.1,22.9,88.1,13,9,0.591
Phil Jackson,02--03,LAL,12,0.448,37.3,83.3,0.354,7.1,20.0,0.7090000000000001,18.5,26.1,43.3,12.3,30.9,20.9,7.0,5.3,13.4,24.0,100.3,6,6,0.5
Phil Jackson,01--02,LAL,19,0.444,35.7,80.5,0.339,6.1,18.0,0.721,20.3,28.1,45.4,12.3,33.2,19.6,6.8,5.8,13.2,23.6,97.8,15,4,0.789
Phil Jackson,00--01,LAL,16,0.468,38.3,81.8,0.386,6.1,15.9,0.6759999999999999,20.8,30.7,48.2,14.3,33.9,22.8,9.2,5.8,13.7,22.8,103.4,15,1,0.938
Phil Jackson,99--00,LAL,23,0.465,37.3,80.4,0.349,5.4,15.4,0.623,19.7,31.6,43.3,13.2,30.1,21.8,6.6,6.1,11.7,25.3,99.8,15,8,0.652
Phil Jackson,97--98,CHI,21,0.445,34.1,76.7,0.324,4.2,13.0,0.7340000000000001,20.7,28.1,41.0,14.0,27.0,20.5,9.0,4.5,11.8,22.8,93.1,15,6,0.7140000000000001
Phil Jackson,96--97,CHI,19,0.4320000000000001,34.7,80.2,0.319,6.1,19.2,0.735,17.1,23.2,43.5,14.9,28.6,20.7,8.5,4.8,11.9,24.3,92.5,15,4,0.789
Phil Jackson,95--96,CHI,18,0.443,35.3,79.7,0.306,6.2,20.2,0.738,20.7,28.0,43.6,16.3,27.3,22.7,9.5,3.9,13.6,24.8,97.4,15,3,0.833
Phil Jackson,94--95,CHI,10,0.462,37.0,80.1,0.394,6.1,15.5,0.732,18.3,25.0,39.2,12.5,26.7,23.9,7.6,4.2,13.0,26.4,98.4,5,5,0.5
Phil Jackson,93--94,CHI,10,0.464,35.1,75.6,0.343,3.5,10.2,0.762,19.9,26.1,39.3,12.4,26.9,21.8,8.1,4.7,12.9,23.7,93.6,6,4,0.6
Phil Jackson,92--93,CHI,19,0.484,39.8,82.2,0.434,4.2,9.6,0.727,18.6,25.6,40.0,13.2,26.8,24.3,8.6,4.4,11.7,23.3,102.4,15,4,0.789
Phil Jackson,91--92,CHI,22,0.487,38.7,79.5,0.3720000000000001,2.5,6.6,0.735,20.5,27.8,39.9,13.0,26.9,24.1,7.8,5.5,13.1,23.6,100.4,15,7,0.682
Phil Jackson,90--91,CHI,17,0.514,40.9,79.6,0.326,1.8,5.4,0.763,20.3,26.6,40.2,12.5,27.7,25.5,9.5,4.5,11.7,22.2,103.9,15,2,0.882
Phil Jackson,89--90,CHI,16,0.469,38.1,81.4,0.303,2.7,8.9,0.76,22.9,30.2,40.1,13.1,27.1,22.8,8.6,4.3,14.1,25.6,101.9,10,6,0.625
Stu Jackson,89--90,NYK,10,0.477,40.3,84.5,0.362,2.5,6.9,0.768,21.9,28.5,39.4,13.0,26.4,26.8,8.4,3.4,13.0,23.1,105.0,4,6,0.4
Buddy Jeannette,64--65,BAL,10,,,,,,,,,,,,,,,,,,,5,5,0.5
Dave Joerger,15--16,MEM,4,0.394,32.0,81.3,0.302,4.8,15.8,0.7,12.3,17.5,40.8,13.8,27.0,16.5,8.0,4.0,15.0,21.5,81.0,0,4,0.0
Dave Joerger,14--15,MEM,11,0.425,35.7,84.0,0.312,4.4,14.0,0.8320000000000001,18.9,22.7,43.4,10.5,32.9,20.4,8.6,4.0,10.5,19.4,94.7,6,5,0.545
Dave Joerger,13--14,MEM,7,0.417,36.7,88.1,0.29,4.4,15.3,0.7290000000000001,18.9,25.9,42.7,12.9,29.9,21.7,9.0,2.4,10.7,20.9,96.7,3,4,0.429
Avery Johnson,07--08,DAL,5,0.401,31.6,78.8,0.34600000000000003,7.2,20.8,0.787,23.6,30.0,45.2,14.4,30.8,19.4,4.0,4.0,10.4,20.6,94.0,1,4,0.2
Avery Johnson,06--07,DAL,6,0.423,34.2,80.8,0.316,7.0,22.2,0.772,23.2,30.0,44.3,14.0,30.3,17.8,8.3,5.0,14.8,23.8,98.5,2,4,0.33299999999999996
Avery Johnson,05--06,DAL,23,0.451,36.1,80.1,0.317,4.8,15.1,0.809,22.7,28.0,42.7,12.2,30.5,15.3,6.6,4.3,12.2,25.5,99.7,14,9,0.609
Avery Johnson,04--05,DAL,13,0.452,38.1,84.2,0.379,6.6,17.5,0.7859999999999999,22.4,28.5,43.5,14.4,29.1,17.5,7.2,5.1,12.7,22.7,105.2,6,7,0.462
Frank Johnson,02--03,PHO,6,0.386,32.3,83.7,0.298,4.7,15.7,0.7140000000000001,15.8,22.2,43.0,13.3,29.7,16.2,9.5,5.8,15.7,29.2,85.2,2,4,0.33299999999999996
Phil Johnson,85--86,SAC,3,0.407,36.3,89.3,0.2,0.7,3.3,0.764,22.7,29.7,46.3,21.7,24.7,19.0,8.0,5.7,16.7,23.3,96.0,0,3,0.0
Phil Johnson,74--75,KCO,6,,,,,,,,,,,,,,,,,,,2,4,0.33299999999999996
Neil Johnston,60--61,PHW,3,,,,,,,,,,,,,,,,,,,0,3,0.0
Neil Johnston,59--60,PHW,9,,,,,,,,,,,,,,,,,,,4,5,0.444
 Jones,90--91,SEA,5,0.459,37.8,82.4,0.28300000000000003,2.6,9.2,0.8190000000000001,25.4,31.0,38.6,13.4,25.2,20.8,9.2,4.6,15.6,27.0,103.6,2,3,0.4
 Jones,87--88,BOS,17,0.476,37.9,79.7,0.345,2.4,6.8,0.816,25.2,30.9,40.4,11.9,28.5,26.8,6.0,4.8,14.8,22.5,103.5,9,8,0.529
 Jones,86--87,BOS,23,0.504,42.6,84.5,0.333,2.3,6.8,0.809,25.6,31.7,41.1,11.5,29.7,27.1,5.4,5.0,13.8,23.3,113.1,13,10,0.565
 Jones,85--86,BOS,18,0.507,43.9,86.7,0.391,2.5,6.4,0.794,24.1,30.3,45.1,12.9,32.1,28.6,9.0,6.1,15.0,22.3,114.4,15,3,0.833
 Jones,84--85,BOS,21,,,,,,,,,,,,,,,,,,,13,8,0.619
 Jones,83--84,BOS,23,,,,,,,,,,,,,,,,,,,15,8,0.652
 Jones,75--76,WSB,7,,,,,,,,,,,,,,,,,,,3,4,0.429
 Jones,74--75,WSB,17,,,,,,,,,,,,,,,,,,,8,9,0.47100000000000003
 Jones,73--74,CAP,7,,,,,,,,,,,,,,,,,,,3,4,0.429
Wally Jones,50--51,INO,3,,,,,,,,,,,,,,,,,,,1,2,0.33299999999999996
Eddie Jordan,07--08,WAS,6,0.426,32.0,75.2,0.305,6.0,19.7,0.764,22.2,29.0,37.3,9.7,27.7,15.7,7.2,4.8,11.7,22.8,92.2,2,4,0.33299999999999996
Eddie Jordan,06--07,WAS,4,0.413,34.3,83.0,0.305,6.3,20.5,0.77,16.8,21.8,36.5,10.3,26.3,18.8,5.5,3.0,8.8,21.3,91.5,0,4,0.0
Eddie Jordan,05--06,WAS,6,0.449,35.3,78.7,0.322,6.2,19.2,0.745,24.8,33.3,39.2,11.5,27.7,17.5,6.8,5.5,12.5,22.7,101.7,2,4,0.33299999999999996
Eddie Jordan,04--05,WAS,10,0.425,35.1,82.6,0.298,5.6,18.8,0.728,24.6,33.8,42.8,12.9,29.9,17.2,8.2,5.8,13.4,25.4,100.4,4,6,0.4
George Karl,12--13,DEN,6,0.438,37.2,84.8,0.311,7.0,22.5,0.7340000000000001,21.7,29.5,38.7,11.8,26.8,21.2,9.0,2.8,14.3,23.2,103.0,2,4,0.33299999999999996
George Karl,11--12,DEN,7,0.43,38.4,89.3,0.278,5.3,19.0,0.718,14.6,20.3,47.7,15.4,32.3,20.9,7.0,6.9,10.7,21.0,96.7,3,4,0.429
George Karl,10--11,DEN,5,0.423,32.6,77.0,0.37,6.8,18.4,0.706,25.4,36.0,38.0,7.4,30.6,17.6,6.6,3.6,12.0,23.8,97.4,1,4,0.2
George Karl,09--10,DEN,6,0.476,37.3,78.5,0.358,6.5,18.2,0.765,28.2,36.8,39.7,10.3,29.3,19.2,8.2,4.7,13.3,30.8,109.3,2,4,0.33299999999999996
George Karl,08--09,DEN,16,0.475,37.3,78.4,0.383,8.1,21.1,0.759,25.4,33.4,40.3,10.7,29.6,22.6,9.2,5.2,11.7,25.8,107.9,10,6,0.625
George Karl,07--08,DEN,4,0.4270000000000001,37.8,88.5,0.25,4.5,18.0,0.741,21.5,29.0,48.8,16.5,32.3,18.5,6.3,4.8,14.5,25.5,101.5,0,4,0.0
George Karl,06--07,DEN,5,0.423,33.6,79.4,0.319,4.6,14.4,0.7809999999999999,16.4,21.0,43.4,13.0,30.4,17.6,5.6,4.2,14.6,18.0,88.2,1,4,0.2
George Karl,05--06,DEN,5,0.38,32.6,85.8,0.221,3.0,13.6,0.727,19.2,26.4,41.8,14.0,27.8,19.8,6.8,4.2,11.8,23.2,87.4,1,4,0.2
George Karl,04--05,DEN,5,0.417,32.8,78.6,0.262,2.2,8.4,0.732,22.4,30.6,39.4,10.2,29.2,16.4,6.4,5.8,12.4,27.0,90.2,1,4,0.2
George Karl,02--03,MIL,6,0.459,36.5,79.5,0.373,6.3,17.0,0.745,18.5,24.8,35.3,8.3,27.0,20.2,7.2,3.8,12.7,27.3,97.8,2,4,0.33299999999999996
George Karl,00--01,MIL,18,0.434,35.0,80.6,0.383,6.7,17.6,0.8,18.9,23.7,44.8,12.8,31.9,21.9,5.9,6.8,12.3,23.7,95.7,10,8,0.556
George Karl,99--00,MIL,5,0.458,37.8,82.6,0.31,3.6,11.6,0.764,16.8,22.0,42.8,11.4,31.4,20.6,6.6,5.6,11.0,24.8,96.0,2,3,0.4
George Karl,98--99,MIL,3,0.453,34.0,75.0,0.333,4.7,14.0,0.773,22.7,29.3,38.0,11.0,27.0,20.0,8.3,5.0,16.3,30.0,95.3,0,3,0.0
George Karl,97--98,SEA,10,0.455,35.6,78.3,0.344,6.6,19.2,0.753,17.4,23.1,38.8,12.7,26.1,22.0,8.7,4.3,12.1,23.5,95.2,4,6,0.4
George Karl,96--97,SEA,12,0.444,36.8,82.8,0.383,8.3,21.8,0.816,23.3,28.5,42.8,13.9,28.8,23.4,10.1,4.1,13.6,23.5,105.1,6,6,0.5
George Karl,95--96,SEA,21,0.471,33.2,70.5,0.37,7.0,19.0,0.755,20.7,27.4,38.0,9.2,28.8,20.2,8.0,4.5,17.3,24.8,94.1,13,8,0.619
George Karl,94--95,SEA,4,0.444,35.8,80.5,0.417,7.5,18.0,0.76,18.3,24.0,41.8,14.5,27.3,26.0,9.3,5.3,14.5,25.8,97.3,1,3,0.25
George Karl,93--94,SEA,5,0.419,33.0,78.8,0.34,3.4,10.0,0.6920000000000001,25.6,37.0,42.8,13.8,29.0,19.0,8.8,5.2,12.4,27.0,95.0,2,3,0.4
George Karl,92--93,SEA,19,0.456,38.6,84.6,0.342,3.5,10.3,0.772,19.4,25.2,41.9,15.9,26.0,22.4,9.1,5.8,13.2,23.6,100.2,10,9,0.526
George Karl,91--92,SEA,9,0.486,39.4,81.2,0.293,3.2,11.0,0.79,23.4,29.7,40.4,14.4,26.0,20.4,6.6,6.2,15.8,26.4,105.6,4,5,0.444
George Karl,86--87,GSW,10,0.472,42.2,89.4,0.431,2.2,5.1,0.807,20.5,25.4,38.7,14.5,24.2,25.1,10.2,4.6,15.0,27.0,107.1,4,6,0.4
George Karl,84--85,CLE,4,,,,,,,,,,,,,,,,,,,1,3,0.25
Red Kerr,67--68,CHI,5,,,,,,,,,,,,,,,,,,,1,4,0.2
Red Kerr,66--67,CHI,3,,,,,,,,,,,,,,,,,,,0,3,0.0
Jason Kidd,16--17,MIL,6,0.444,34.8,78.5,0.412,9.0,21.8,0.696,14.5,20.8,38.3,8.5,29.8,21.2,8.2,4.8,13.0,21.3,93.2,2,4,0.33299999999999996
Jason Kidd,14--15,MIL,6,0.388,34.2,88.2,0.303,5.5,18.2,0.7040000000000001,14.7,20.8,43.7,12.2,31.5,20.3,10.8,6.7,12.8,21.2,88.5,2,4,0.33299999999999996
Jason Kidd,13--14,BKN,12,0.463,34.8,75.1,0.342,7.8,22.7,0.737,18.3,24.8,37.8,10.0,27.8,18.3,6.9,2.8,11.7,22.3,95.5,5,7,0.41700000000000004
John Kundla,58--59,MNL,13,,,,,,,,,,,,,,,,,,,6,7,0.462
John Kundla,56--57,MNL,5,,,,,,,,,,,,,,,,,,,2,3,0.4
John Kundla,55--56,MNL,3,,,,,,,,,,,,,,,,,,,1,2,0.33299999999999996
John Kundla,54--55,MNL,7,,,,,,,,,,,,,,,,,,,3,4,0.429
John Kundla,53--54,MNL,13,,,,,,,,,,,,,,,,,,,9,4,0.6920000000000001
John Kundla,52--53,MNL,12,,,,,,,,,,,,,,,,,,,9,3,0.75
John Kundla,51--52,MNL,13,,,,,,,,,,,,,,,,,,,9,4,0.6920000000000001
John Kundla,50--51,MNL,7,,,,,,,,,,,,,,,,,,,3,4,0.429
John Kundla,49--50,MNL,12,,,,,,,,,,,,,,,,,,,10,2,0.833
Joe Lapchick,54--55,NYK,3,,,,,,,,,,,,,,,,,,,1,2,0.33299999999999996
Joe Lapchick,53--54,NYK,4,,,,,,,,,,,,,,,,,,,0,4,0.0
Joe Lapchick,52--53,NYK,11,,,,,,,,,,,,,,,,,,,6,5,0.545
Joe Lapchick,51--52,NYK,14,,,,,,,,,,,,,,,,,,,8,6,0.5710000000000001
Joe Lapchick,50--51,NYK,14,,,,,,,,,,,,,,,,,,,8,6,0.5710000000000001
Joe Lapchick,49--50,NYK,5,,,,,,,,,,,,,,,,,,,3,2,0.6
Frank Layden,87--88,UTA,11,0.483,38.4,79.5,0.417,2.3,5.5,0.772,24.4,31.5,38.3,10.5,27.7,25.5,7.6,6.6,15.5,22.4,103.4,6,5,0.545
Frank Layden,86--87,UTA,5,0.455,37.6,82.6,0.406,2.6,6.4,0.762,23.0,30.2,42.6,14.4,28.2,21.8,9.4,8.6,17.2,23.2,100.8,2,3,0.4
Frank Layden,85--86,UTA,4,0.482,43.3,89.8,0.444,1.0,2.3,0.705,15.5,22.0,42.3,15.5,26.8,26.0,5.8,6.3,10.8,25.0,103.0,1,3,0.25
Frank Layden,84--85,UTA,10,,,,,,,,,,,,,,,,,,,4,6,0.4
Frank Layden,83--84,UTA,11,,,,,,,,,,,,,,,,,,,5,6,0.455
George Lee,68--69,SFW,6,,,,,,,,,,,,,,,,,,,2,4,0.33299999999999996
Andrew Levane,58--59,NYK,2,,,,,,,,,,,,,,,,,,,0,2,0.0
Kevin Loughery,93--94,MIA,5,0.415,32.6,78.6,0.266,3.4,12.8,0.721,21.2,29.4,43.6,15.4,28.2,14.4,7.2,4.0,16.0,23.2,89.8,2,3,0.4
Kevin Loughery,91--92,MIA,3,0.452,36.0,79.7,0.447,5.7,12.7,0.73,21.7,29.7,33.0,11.0,22.0,20.0,7.0,3.0,14.3,22.7,99.3,0,3,0.0
Kevin Loughery,86--87,WSB,3,0.406,35.3,87.0,0.231,1.0,4.3,0.763,19.3,25.3,42.0,14.0,28.0,15.3,8.0,4.7,16.7,20.3,91.0,0,3,0.0
Kevin Loughery,85--86,WSB,5,0.463,40.0,86.4,0.208,1.0,4.8,0.715,19.6,27.4,38.4,14.4,24.0,21.0,8.6,8.6,15.0,22.6,100.6,2,3,0.4
Kevin Loughery,84--85,CHI,4,,,,,,,,,,,,,,,,,,,1,3,0.25
Kevin Loughery,82--83,ATL,3,,,,,,,,,,,,,,,,,,,1,2,0.33299999999999996
Kevin Loughery,81--82,ATL,2,,,,,,,,,,,,,,,,,,,0,2,0.0
Kevin Loughery,78--79,NJN,2,,,,,,,,,,,,,,,,,,,0,2,0.0
John Lucas,93--94,SAS,4,0.4,33.5,83.8,0.308,3.0,9.8,0.72,18.0,25.0,43.5,16.5,27.0,18.3,7.0,6.0,11.8,23.3,88.0,1,3,0.25
John Lucas,92--93,SAS,10,0.468,39.3,83.9,0.29100000000000004,2.3,7.9,0.75,19.8,26.4,44.3,12.8,31.5,25.3,6.3,6.3,12.9,26.6,100.7,5,5,0.5
Jim Lynam,90--91,PHI,8,0.485,36.3,74.8,0.354,2.9,8.1,0.8,25.5,31.9,37.6,9.9,27.8,22.4,8.6,4.4,13.1,20.6,100.9,4,4,0.5
Jim Lynam,89--90,PHI,10,0.474,37.9,79.9,0.317,2.6,8.2,0.769,23.7,30.8,39.9,12.8,27.1,22.8,6.3,4.9,14.7,21.6,102.1,4,6,0.4
Jim Lynam,88--89,PHI,3,0.483,42.7,88.3,0.19,1.3,7.0,0.7040000000000001,19.0,27.0,40.0,10.7,29.3,29.0,6.7,4.7,11.7,25.0,105.7,0,3,0.0
Ed Macauley,59--60,STL,14,,,,,,,,,,,,,,,,,,,7,7,0.5
Ed Macauley,58--59,STL,6,,,,,,,,,,,,,,,,,,,2,4,0.33299999999999996
John MacLeod,90--91,NYK,3,0.443,32.3,73.0,0.393,3.7,9.3,0.8029999999999999,17.7,22.0,38.7,11.3,27.3,20.7,5.3,3.7,22.0,27.0,86.0,0,3,0.0
John MacLeod,87--88,DAL,17,0.496,42.9,86.6,0.269,1.5,5.5,0.755,20.5,27.2,44.8,16.4,28.4,24.2,7.4,5.1,14.4,20.8,107.9,10,7,0.588
John MacLeod,84--85,PHO,3,,,,,,,,,,,,,,,,,,,0,3,0.0
John MacLeod,83--84,PHO,17,,,,,,,,,,,,,,,,,,,9,8,0.529
John MacLeod,82--83,PHO,3,,,,,,,,,,,,,,,,,,,1,2,0.33299999999999996
John MacLeod,81--82,PHO,7,,,,,,,,,,,,,,,,,,,2,5,0.28600000000000003
John MacLeod,80--81,PHO,7,,,,,,,,,,,,,,,,,,,3,4,0.429
John MacLeod,79--80,PHO,8,,,,,,,,,,,,,,,,,,,3,5,0.375
John MacLeod,78--79,PHO,15,,,,,,,,,,,,,,,,,,,9,6,0.6
John MacLeod,77--78,PHO,2,,,,,,,,,,,,,,,,,,,0,2,0.0
John MacLeod,75--76,PHO,19,,,,,,,,,,,,,,,,,,,10,9,0.526
Dick McGuire,66--67,NYK,4,,,,,,,,,,,,,,,,,,,1,3,0.25
Dick McGuire,62--63,DET,4,,,,,,,,,,,,,,,,,,,1,3,0.25
Dick McGuire,61--62,DET,10,,,,,,,,,,,,,,,,,,,5,5,0.5
Dick McGuire,60--61,DET,5,,,,,,,,,,,,,,,,,,,2,3,0.4
Dick McGuire,59--60,DET,2,,,,,,,,,,,,,,,,,,,0,2,0.0
Frank McGuire,61--62,PHW,12,,,,,,,,,,,,,,,,,,,6,6,0.5
Kevin McHale,14--15,HOU,17,0.448,37.4,83.4,0.344,9.5,27.5,0.654,24.0,36.7,45.7,10.9,34.8,21.9,8.4,5.5,14.8,23.4,108.2,9,8,0.529
Kevin McHale,13--14,HOU,6,0.445,40.8,91.7,0.318,8.2,25.7,0.743,22.2,29.8,49.2,16.7,32.5,18.3,6.0,5.0,12.8,26.0,112.0,2,4,0.33299999999999996
Kevin McHale,12--13,HOU,6,0.424,34.3,81.0,0.34700000000000003,11.7,33.7,0.711,19.7,27.7,43.5,10.8,32.7,18.0,5.8,5.7,15.2,23.2,100.0,2,4,0.33299999999999996
Jack McKinney,80--81,IND,2,,,,,,,,,,,,,,,,,,,0,2,0.0
Jack McMahon,68--69,SDR,6,,,,,,,,,,,,,,,,,,,2,4,0.33299999999999996
Jack McMahon,66--67,CIN,4,,,,,,,,,,,,,,,,,,,1,3,0.25
Jack McMahon,65--66,CIN,5,,,,,,,,,,,,,,,,,,,2,3,0.4
Jack McMahon,64--65,CIN,4,,,,,,,,,,,,,,,,,,,1,3,0.25
Jack McMahon,63--64,CIN,10,,,,,,,,,,,,,,,,,,,4,6,0.4
Nate McMillan,16--17,IND,4,0.466,40.5,87.0,0.391,11.3,28.8,0.767,16.5,21.5,42.0,11.8,30.3,22.5,8.0,3.8,12.3,22.8,108.8,0,4,0.0
Nate McMillan,10--11,POR,6,0.453,33.2,73.2,0.3,5.0,16.7,0.7829999999999999,16.8,21.5,37.7,9.2,28.5,17.0,5.7,5.2,10.5,20.8,88.2,2,4,0.33299999999999996
Nate McMillan,09--10,POR,6,0.43,33.0,76.8,0.38,6.3,16.7,0.738,20.7,28.0,37.3,10.8,26.5,19.5,6.0,4.3,10.7,23.2,93.0,2,4,0.33299999999999996
Nate McMillan,08--09,POR,6,0.447,33.3,74.5,0.388,5.5,14.2,0.763,15.0,19.7,36.3,9.8,26.5,14.7,6.0,7.5,10.7,21.7,87.2,2,4,0.33299999999999996
Nate McMillan,04--05,SEA,11,0.458,35.5,77.5,0.306,4.8,15.7,0.799,22.8,28.5,40.3,12.6,27.6,16.2,6.5,4.5,12.6,26.1,98.5,6,5,0.545
Nate McMillan,01--02,SEA,5,0.43,34.2,79.6,0.393,4.8,12.2,0.684,13.0,19.0,40.2,11.4,28.8,17.4,4.0,4.8,10.2,23.4,86.2,2,3,0.4
Murray Mendenhall,50--51,FTW,3,,,,,,,,,,,,,,,,,,,1,2,0.33299999999999996
Murray Mendenhall,49--50,FTW,4,,,,,,,,,,,,,,,,,,,2,2,0.5
Sam Mitchell,07--08,TOR,5,0.435,37.2,85.6,0.35,8.4,24.0,0.865,16.6,19.2,39.2,9.8,29.4,24.0,7.2,2.4,9.4,22.8,99.4,1,4,0.2
Sam Mitchell,06--07,TOR,6,0.442,32.5,73.5,0.368,5.3,14.5,0.804,20.5,25.5,37.8,7.3,30.5,16.2,7.7,4.0,14.2,21.3,90.8,2,4,0.33299999999999996
Doug Moe,89--90,DEN,3,0.439,43.3,98.7,0.25,2.7,10.7,0.872,25.0,28.7,44.0,13.0,31.0,28.7,9.3,4.7,12.7,25.7,114.3,0,3,0.0
Doug Moe,88--89,DEN,3,0.458,43.3,94.7,0.41,5.3,13.0,0.805,20.7,25.7,44.3,12.0,32.3,24.0,7.7,1.7,16.7,29.0,112.7,0,3,0.0
Doug Moe,87--88,DEN,11,0.452,42.0,93.0,0.275,3.0,10.9,0.826,23.8,28.8,42.3,15.1,27.2,22.9,6.8,4.8,11.1,24.7,110.8,5,6,0.455
Doug Moe,86--87,DEN,3,0.436,44.3,101.7,0.222,1.3,6.0,0.655,18.3,28.0,44.7,15.3,29.3,26.7,7.3,3.7,14.3,29.3,108.3,0,3,0.0
Doug Moe,85--86,DEN,10,0.456,43.8,96.1,0.35200000000000004,1.9,5.4,0.794,25.0,31.5,45.9,16.6,29.3,24.7,7.2,4.4,14.2,27.3,114.5,5,5,0.5
Doug Moe,84--85,DEN,15,,,,,,,,,,,,,,,,,,,8,7,0.5329999999999999
Doug Moe,83--84,DEN,5,,,,,,,,,,,,,,,,,,,2,3,0.4
Doug Moe,82--83,DEN,8,,,,,,,,,,,,,,,,,,,3,5,0.375
Doug Moe,81--82,DEN,3,,,,,,,,,,,,,,,,,,,1,2,0.33299999999999996
Doug Moe,78--79,SAS,14,,,,,,,,,,,,,,,,,,,7,7,0.5
Doug Moe,77--78,SAS,6,,,,,,,,,,,,,,,,,,,2,4,0.33299999999999996
Doug Moe,76--77,SAS,2,,,,,,,,,,,,,,,,,,,0,2,0.0
Doxie Moore,49--50,AND,8,,,,,,,,,,,,,,,,,,,4,4,0.5
Dick Motta,86--87,DAL,4,0.4920000000000001,43.8,89.0,0.08,0.5,6.3,0.75,28.5,38.0,44.8,15.3,29.5,22.0,6.8,4.3,14.5,24.8,116.5,1,3,0.25
Dick Motta,85--86,DAL,10,0.489,42.6,87.1,0.517,3.0,5.8,0.782,22.6,28.9,41.9,13.9,28.0,25.0,6.6,3.1,13.8,21.5,110.8,5,5,0.5
Dick Motta,84--85,DAL,4,,,,,,,,,,,,,,,,,,,1,3,0.25
Dick Motta,83--84,DAL,10,,,,,,,,,,,,,,,,,,,4,6,0.4
Dick Motta,79--80,WSB,2,,,,,,,,,,,,,,,,,,,0,2,0.0
Dick Motta,78--79,WSB,19,,,,,,,,,,,,,,,,,,,9,10,0.474
Dick Motta,77--78,WSB,21,,,,,,,,,,,,,,,,,,,14,7,0.667
Dick Motta,76--77,WSB,9,,,,,,,,,,,,,,,,,,,4,5,0.444
Dick Motta,74--75,CHI,13,,,,,,,,,,,,,,,,,,,7,6,0.5379999999999999
Dick Motta,73--74,CHI,11,,,,,,,,,,,,,,,,,,,4,7,0.364
Dick Motta,72--73,CHI,7,,,,,,,,,,,,,,,,,,,3,4,0.429
Dick Motta,71--72,CHI,4,,,,,,,,,,,,,,,,,,,0,4,0.0
Dick Motta,70--71,CHI,7,,,,,,,,,,,,,,,,,,,3,4,0.429
Dick Motta,69--70,CHI,5,,,,,,,,,,,,,,,,,,,1,4,0.2
Joe Mullaney,70--71,LAL,12,,,,,,,,,,,,,,,,,,,5,7,0.41700000000000004
Joe Mullaney,69--70,LAL,18,,,,,,,,,,,,,,,,,,,11,7,0.611
Don Nelson,06--07,GSW,11,0.45,36.5,81.2,0.358,11.1,31.0,0.735,22.5,30.5,38.3,11.5,26.8,17.2,10.3,5.5,14.8,26.6,106.6,5,6,0.455
Don Nelson,03--04,DAL,5,0.396,38.2,96.4,0.287,5.0,17.4,0.7709999999999999,18.2,23.6,52.2,20.4,31.8,20.6,9.2,6.6,13.0,21.6,99.6,1,4,0.2
Don Nelson,02--03,DAL,20,0.45,38.7,86.1,0.397,9.2,23.2,0.8290000000000001,17.5,21.1,41.9,11.2,30.8,20.4,6.1,5.2,12.0,24.3,104.1,10,10,0.5
Don Nelson,01--02,DAL,8,0.452,39.8,88.0,0.379,8.4,22.1,0.8370000000000001,21.1,25.3,41.9,10.9,31.0,19.6,6.3,4.6,11.8,25.8,109.0,4,4,0.5
Don Nelson,00--01,DAL,10,0.399,32.2,80.8,0.355,6.1,17.2,0.848,21.7,25.6,41.0,12.2,28.8,17.0,5.9,5.5,11.1,23.4,92.2,4,6,0.4
Don Nelson,93--94,GSW,3,0.518,47.0,90.7,0.341,5.0,14.7,0.6990000000000001,17.0,24.3,38.3,13.7,24.7,31.3,6.0,8.0,14.3,26.7,116.0,0,3,0.0
Don Nelson,91--92,GSW,4,0.483,42.5,88.0,0.362,4.3,11.8,0.721,27.8,38.5,36.3,13.8,22.5,23.3,10.3,4.8,12.3,27.3,117.0,1,3,0.25
Don Nelson,90--91,GSW,9,0.498,43.8,87.9,0.379,4.9,12.9,0.802,22.0,27.4,36.8,9.0,27.8,24.7,8.6,6.0,12.8,29.8,114.4,4,5,0.444
Don Nelson,88--89,GSW,8,0.455,42.8,93.9,0.206,2.6,12.8,0.821,21.8,26.5,43.1,14.1,29.0,20.0,9.8,8.5,14.5,24.3,109.9,4,4,0.5
Don Nelson,86--87,MIL,12,0.475,44.1,92.8,0.262,1.8,7.0,0.795,28.2,35.4,39.8,13.3,26.4,24.8,9.8,4.7,12.0,28.3,118.2,6,6,0.5
Don Nelson,85--86,MIL,14,0.4970000000000001,42.1,84.7,0.34700000000000003,1.8,5.1,0.721,23.9,33.1,39.5,12.9,26.6,24.1,8.9,6.1,16.2,28.5,109.8,7,7,0.5
Don Nelson,84--85,MIL,8,,,,,,,,,,,,,,,,,,,3,5,0.375
Don Nelson,83--84,MIL,16,,,,,,,,,,,,,,,,,,,8,8,0.5
Don Nelson,82--83,MIL,9,,,,,,,,,,,,,,,,,,,5,4,0.556
Don Nelson,81--82,MIL,6,,,,,,,,,,,,,,,,,,,2,4,0.33299999999999996
Don Nelson,80--81,MIL,7,,,,,,,,,,,,,,,,,,,3,4,0.429
Don Nelson,79--80,MIL,7,,,,,,,,,,,,,,,,,,,3,4,0.429
Don Nelson,77--78,MIL,9,,,,,,,,,,,,,,,,,,,5,4,0.556
Tom Nissalke,78--79,HOU,2,,,,,,,,,,,,,,,,,,,0,2,0.0
Tom Nissalke,76--77,HOU,12,,,,,,,,,,,,,,,,,,,6,6,0.5
Jim O,04--05,PHI,5,0.4370000000000001,34.8,79.6,0.34,6.6,19.4,0.716,14.6,20.4,34.8,9.6,25.2,19.8,8.6,4.0,12.8,21.8,90.8,1,4,0.2
Jim O,02--03,BOS,10,0.422,33.4,79.1,0.354,8.6,24.3,0.8,19.2,24.0,40.7,8.8,31.9,20.7,8.6,4.3,14.1,25.9,94.6,4,6,0.4
Jim O,01--02,BOS,16,0.418,32.8,78.4,0.343,7.9,22.9,0.774,17.8,22.9,43.3,10.6,32.6,18.8,8.9,4.7,13.4,22.9,91.3,9,7,0.563
Randy Pfund,92--93,LAL,5,0.438,39.2,89.6,0.333,4.0,12.0,0.629,14.6,23.2,44.6,15.6,29.0,23.8,9.0,6.2,12.6,22.6,97.0,2,3,0.4
Rick Pitino,88--89,NYK,9,0.476,40.4,85.0,0.358,4.3,12.1,0.727,21.6,29.7,43.2,15.2,28.0,26.1,8.1,4.0,16.0,25.6,106.8,5,4,0.556
Rick Pitino,87--88,NYK,4,0.44,38.3,87.0,0.34,4.0,11.8,0.815,18.8,23.0,40.8,13.5,27.3,25.5,8.3,5.3,15.8,28.8,99.3,1,3,0.25
Jim Pollard,59--60,MNL,9,,,,,,,,,,,,,,,,,,,5,4,0.556
Gregg Popovich,16--17,SAS,16,0.462,40.0,86.5,0.35,8.6,24.4,0.773,18.5,23.9,44.4,12.7,31.7,21.3,7.8,4.9,11.9,18.8,107.1,8,8,0.5
Gregg Popovich,15--16,SAS,10,0.47,38.7,82.4,0.4270000000000001,8.2,19.2,0.8,16.4,20.5,39.5,7.9,31.6,21.3,9.1,7.0,10.4,18.2,102.0,6,4,0.6
Gregg Popovich,14--15,SAS,7,0.449,38.3,85.3,0.366,9.6,26.1,0.68,17.3,25.4,46.4,11.7,34.7,24.1,6.1,4.7,11.9,24.9,103.4,3,4,0.429
Gregg Popovich,13--14,SAS,23,0.491,39.7,80.9,0.409,8.8,21.6,0.767,18.0,23.5,42.0,9.4,32.6,22.2,8.1,3.5,12.0,19.8,106.3,16,7,0.696
Gregg Popovich,12--13,SAS,21,0.463,38.0,82.2,0.378,7.9,20.8,0.763,16.4,21.5,42.6,9.7,32.9,21.9,7.9,5.0,12.3,19.1,100.3,15,6,0.7140000000000001
Gregg Popovich,11--12,SAS,14,0.481,37.9,78.9,0.416,9.4,22.6,0.731,16.7,22.9,40.6,8.6,32.0,22.9,6.5,4.6,13.9,20.4,102.0,10,4,0.7140000000000001
Gregg Popovich,10--11,SAS,6,0.436,33.7,77.2,0.294,5.3,18.2,0.76,21.7,28.5,41.7,10.2,31.5,17.8,7.3,5.8,14.0,21.5,94.3,2,4,0.33299999999999996
Gregg Popovich,09--10,SAS,10,0.464,36.4,78.5,0.338,4.8,14.2,0.695,18.5,26.6,41.1,10.1,31.0,19.2,6.8,4.3,12.5,21.0,96.1,4,6,0.4
Gregg Popovich,08--09,SAS,5,0.457,35.0,76.6,0.33,5.8,17.6,0.7090000000000001,14.6,20.6,37.6,8.8,28.8,16.0,5.6,3.0,10.8,22.0,90.4,1,4,0.2
Gregg Popovich,07--08,SAS,17,0.446,35.5,79.7,0.375,7.5,20.1,0.745,15.5,20.8,41.8,9.0,32.8,20.4,5.3,4.1,12.4,22.5,94.1,9,8,0.529
Gregg Popovich,06--07,SAS,20,0.459,35.3,76.8,0.384,7.6,19.7,0.7240000000000001,17.6,24.3,40.6,10.5,30.1,19.9,7.1,5.5,13.3,20.5,95.7,16,4,0.8
Gregg Popovich,05--06,SAS,13,0.4920000000000001,36.5,74.1,0.392,6.0,15.3,0.777,24.2,31.1,37.2,8.2,29.0,17.5,6.5,5.5,12.6,23.7,103.1,7,6,0.5379999999999999
Gregg Popovich,04--05,SAS,23,0.454,34.7,76.5,0.389,7.1,18.3,0.727,20.4,28.0,42.1,12.3,29.7,18.4,5.6,5.8,13.7,21.9,96.9,16,7,0.696
Gregg Popovich,03--04,SAS,10,0.44,33.5,76.2,0.365,6.9,18.9,0.644,15.4,23.9,42.3,12.6,29.7,19.4,7.7,4.2,15.0,22.8,89.3,6,4,0.6
Gregg Popovich,02--03,SAS,24,0.441,33.8,76.8,0.35100000000000003,5.3,15.2,0.7120000000000001,21.8,30.6,45.5,12.1,33.4,20.7,7.8,6.9,14.5,21.4,94.8,16,8,0.667
Gregg Popovich,01--02,SAS,10,0.4320000000000001,32.9,76.2,0.34,5.0,14.7,0.763,20.3,26.6,41.0,11.1,29.9,16.9,6.1,6.5,10.5,20.4,91.1,4,6,0.4
Gregg Popovich,00--01,SAS,13,0.439,33.4,76.1,0.364,5.5,15.2,0.716,19.2,26.8,43.6,10.7,32.9,19.6,6.1,6.0,13.3,20.5,91.5,7,6,0.5379999999999999
Gregg Popovich,99--00,SAS,4,0.3720000000000001,28.3,76.0,0.273,3.0,11.0,0.73,22.3,30.5,46.3,12.3,34.0,15.0,8.8,7.5,15.8,20.8,81.8,1,3,0.25
Gregg Popovich,98--99,SAS,17,0.451,31.6,70.1,0.35,4.1,11.8,0.742,21.1,28.5,40.2,9.8,30.4,21.3,7.3,5.8,14.2,21.8,88.4,15,2,0.882
Gregg Popovich,97--98,SAS,9,0.462,33.3,72.1,0.302,3.9,12.9,0.69,21.2,30.8,43.6,11.0,32.6,17.3,5.7,7.0,13.8,22.1,91.8,4,5,0.444
Terry Porter,03--04,MIL,5,0.416,32.4,77.8,0.333,4.8,14.4,0.741,16.0,21.6,39.2,11.2,28.0,20.6,8.2,4.2,15.8,22.4,85.6,1,4,0.2
Kurt Rambis,98--99,LAL,8,0.443,35.3,79.6,0.304,4.8,15.6,0.6409999999999999,18.8,29.3,40.4,12.1,28.3,19.5,6.6,6.4,13.1,25.3,94.0,3,5,0.375
Jack Ramsay,86--87,IND,4,0.479,34.5,72.0,0.16699999999999998,0.8,4.5,0.6920000000000001,25.3,36.5,38.5,9.8,28.8,21.3,5.0,1.5,14.5,28.0,95.0,1,3,0.25
Jack Ramsay,85--86,POR,4,0.496,43.5,87.8,0.227,1.3,5.5,0.7759999999999999,24.3,31.3,44.0,13.0,31.0,28.0,7.0,4.5,18.8,31.0,112.5,1,3,0.25
Jack Ramsay,84--85,POR,9,,,,,,,,,,,,,,,,,,,4,5,0.444
Jack Ramsay,83--84,POR,5,,,,,,,,,,,,,,,,,,,2,3,0.4
Jack Ramsay,82--83,POR,7,,,,,,,,,,,,,,,,,,,3,4,0.429
Jack Ramsay,80--81,POR,3,,,,,,,,,,,,,,,,,,,1,2,0.33299999999999996
Jack Ramsay,79--80,POR,3,,,,,,,,,,,,,,,,,,,1,2,0.33299999999999996
Jack Ramsay,78--79,POR,3,,,,,,,,,,,,,,,,,,,1,2,0.33299999999999996
Jack Ramsay,77--78,POR,6,,,,,,,,,,,,,,,,,,,2,4,0.33299999999999996
Jack Ramsay,76--77,POR,19,,,,,,,,,,,,,,,,,,,14,5,0.737
Jack Ramsay,75--76,BUF,9,,,,,,,,,,,,,,,,,,,4,5,0.444
Jack Ramsay,74--75,BUF,7,,,,,,,,,,,,,,,,,,,3,4,0.429
Jack Ramsay,73--74,BUF,6,,,,,,,,,,,,,,,,,,,2,4,0.33299999999999996
Jack Ramsay,70--71,PHI,7,,,,,,,,,,,,,,,,,,,3,4,0.429
Jack Ramsay,69--70,PHI,5,,,,,,,,,,,,,,,,,,,1,4,0.2
Jack Ramsay,68--69,PHI,5,,,,,,,,,,,,,,,,,,,1,4,0.2
Willis Reed,77--78,NYK,6,,,,,,,,,,,,,,,,,,,2,4,0.33299999999999996
Pat Riley,06--07,MIA,4,0.445,33.3,74.8,0.324,5.5,17.0,0.615,16.8,27.3,36.3,8.0,28.3,17.8,6.3,5.3,14.5,25.3,88.8,0,4,0.0
Pat Riley,05--06,MIA,23,0.481,34.8,72.4,0.333,6.3,19.1,0.655,20.3,30.9,42.0,9.5,32.5,17.5,7.0,4.6,15.1,24.0,96.3,16,7,0.696
Pat Riley,00--01,MIA,3,0.41,29.7,72.3,0.32,5.3,16.7,0.7070000000000001,13.7,19.3,35.0,7.3,27.7,16.7,5.0,5.0,18.0,25.3,78.3,0,3,0.0
Pat Riley,99--00,MIA,10,0.419,30.9,73.7,0.315,4.7,14.9,0.69,16.7,24.2,43.4,10.5,32.9,19.1,7.2,5.1,13.0,26.0,83.2,6,4,0.6
Pat Riley,98--99,MIA,5,0.4,27.2,68.0,0.301,5.6,18.6,0.7040000000000001,19.0,27.0,35.6,8.2,27.4,16.4,7.2,4.4,11.8,20.6,79.0,2,3,0.4
Pat Riley,97--98,MIA,5,0.431,30.0,69.6,0.36,7.2,20.0,0.682,20.2,29.6,36.8,8.2,28.6,16.4,6.8,3.8,13.0,25.4,87.4,2,3,0.4
Pat Riley,96--97,MIA,17,0.409,29.5,72.1,0.35100000000000003,8.4,23.8,0.6920000000000001,18.5,26.8,41.3,11.1,30.2,17.2,6.7,5.1,15.6,22.6,85.9,8,9,0.47100000000000003
Pat Riley,95--96,MIA,3,0.421,30.3,72.0,0.314,7.3,23.3,0.701,15.7,22.3,36.0,11.3,24.7,17.0,7.0,1.7,20.3,27.7,83.7,0,3,0.0
Pat Riley,94--95,NYK,11,0.482,33.5,69.5,0.422,7.2,17.0,0.687,19.2,27.9,36.7,9.7,27.0,22.7,7.0,6.3,16.0,27.6,93.3,6,5,0.545
Pat Riley,93--94,NYK,25,0.4270000000000001,32.4,75.9,0.331,4.4,13.3,0.731,19.5,26.6,41.6,14.1,27.4,20.3,8.1,5.4,15.6,25.5,88.8,14,11,0.56
Pat Riley,92--93,NYK,15,0.478,38.1,79.6,0.345,3.2,9.3,0.7020000000000001,19.7,28.0,44.1,14.8,29.3,24.9,8.0,4.3,17.3,26.1,99.0,9,6,0.6
Pat Riley,91--92,NYK,12,0.435,34.1,78.3,0.255,2.3,8.8,0.7440000000000001,19.8,26.7,43.3,15.5,27.8,22.8,6.3,4.2,13.2,25.0,90.3,6,6,0.5
Pat Riley,89--90,LAL,9,0.499,40.3,80.9,0.29100000000000004,2.8,9.6,0.8,22.7,28.3,40.2,12.4,27.8,25.0,8.7,5.7,15.4,23.4,106.1,4,5,0.444
Pat Riley,88--89,LAL,15,0.4970000000000001,40.0,80.5,0.349,3.4,9.7,0.7809999999999999,27.1,34.7,42.1,12.5,29.6,25.4,6.9,4.9,14.5,22.5,110.5,11,4,0.733
Pat Riley,87--88,LAL,24,0.499,40.8,81.8,0.393,2.4,6.0,0.779,21.5,27.7,40.5,13.0,27.5,25.9,7.2,4.7,13.7,21.2,105.6,15,9,0.625
Pat Riley,86--87,LAL,18,0.522,44.8,85.8,0.361,2.4,6.6,0.785,28.6,36.4,44.9,13.0,31.9,28.6,7.9,6.4,14.3,22.7,120.6,15,3,0.833
Pat Riley,85--86,LAL,14,0.535,47.4,88.6,0.321,1.8,5.6,0.7559999999999999,18.9,24.9,42.3,12.5,29.8,32.0,8.4,4.3,15.9,24.2,115.5,8,6,0.5710000000000001
Pat Riley,84--85,LAL,19,,,,,,,,,,,,,,,,,,,15,4,0.789
Pat Riley,83--84,LAL,21,,,,,,,,,,,,,,,,,,,14,7,0.667
Pat Riley,82--83,LAL,15,,,,,,,,,,,,,,,,,,,8,7,0.5329999999999999
Pat Riley,81--82,LAL,14,,,,,,,,,,,,,,,,,,,12,2,0.857
Doc Rivers,16--17,LAC,7,0.473,36.4,77.0,0.348,8.1,23.4,0.696,16.7,24.0,37.7,7.7,30.0,18.4,6.3,2.4,11.7,20.3,97.7,3,4,0.429
Doc Rivers,15--16,LAC,6,0.4370000000000001,37.2,85.0,0.29100000000000004,5.7,19.5,0.625,18.3,29.3,46.2,11.3,34.8,18.2,8.5,4.7,9.2,20.5,98.3,2,4,0.33299999999999996
Doc Rivers,14--15,LAC,14,0.466,39.5,84.8,0.329,8.4,25.4,0.667,20.4,30.6,44.6,9.6,35.0,22.5,8.6,5.9,12.4,24.8,107.8,7,7,0.5
Doc Rivers,13--14,LAC,13,0.461,39.4,85.4,0.355,9.2,25.8,0.73,20.8,28.5,39.8,11.5,28.3,23.8,9.4,4.4,12.5,24.3,108.8,6,7,0.462
Doc Rivers,12--13,BOS,6,0.413,28.5,69.0,0.331,6.8,20.7,0.86,18.5,21.5,39.0,5.2,33.8,16.8,5.5,3.0,16.3,18.8,82.3,2,4,0.33299999999999996
Doc Rivers,11--12,BOS,20,0.438,33.8,77.2,0.285,4.7,16.3,0.799,17.3,21.6,39.9,8.0,31.9,19.8,8.2,4.9,12.3,21.7,89.5,11,9,0.55
Doc Rivers,10--11,BOS,9,0.465,35.8,76.9,0.465,7.4,16.0,0.779,15.7,20.1,39.0,8.9,30.1,21.0,7.3,4.2,14.4,21.9,94.7,5,4,0.556
Doc Rivers,09--10,BOS,24,0.453,34.3,75.7,0.363,5.8,16.0,0.755,19.5,25.8,39.1,8.8,30.3,21.1,8.0,4.6,13.2,24.6,93.9,15,9,0.625
Doc Rivers,08--09,BOS,14,0.445,37.4,84.1,0.36,6.7,18.6,0.7909999999999999,20.6,26.0,43.2,10.9,32.4,22.9,7.8,4.9,12.6,24.3,102.1,7,7,0.5
Doc Rivers,07--08,BOS,26,0.447,33.6,75.1,0.359,6.0,16.8,0.7829999999999999,20.8,26.6,40.0,11.1,28.9,21.5,7.6,4.3,12.2,24.3,94.0,16,10,0.615
Doc Rivers,04--05,BOS,7,0.442,32.9,74.3,0.327,4.9,14.9,0.755,17.1,22.7,39.4,10.3,29.1,16.6,8.4,6.4,14.6,25.4,87.7,3,4,0.429
Doc Rivers,02--03,ORL,7,0.424,31.0,73.1,0.316,5.1,16.3,0.7809999999999999,20.4,26.1,38.1,9.9,28.3,16.0,5.3,4.0,14.7,29.9,87.6,3,4,0.429
Doc Rivers,01--02,ORL,4,0.422,33.3,78.8,0.258,4.3,16.5,0.742,23.0,31.0,39.5,9.0,30.5,19.5,5.5,3.8,11.5,25.8,93.8,1,3,0.25
Doc Rivers,00--01,ORL,4,0.435,39.0,89.8,0.39,8.0,20.5,0.684,16.8,24.5,43.8,13.5,30.3,22.0,8.0,6.3,11.0,26.5,102.8,1,3,0.25
Red Rocha,58--59,DET,3,,,,,,,,,,,,,,,,,,,1,2,0.33299999999999996
Red Rocha,57--58,DET,7,,,,,,,,,,,,,,,,,,,3,4,0.429
Jimmy Rodgers,89--90,BOS,5,0.5479999999999999,45.6,83.2,0.235,1.6,6.8,0.861,26.0,30.2,40.0,11.8,28.2,30.2,6.8,6.0,17.2,21.2,118.8,2,3,0.4
Jimmy Rodgers,88--89,BOS,3,0.444,37.0,83.3,0.0,0.0,2.7,0.731,16.3,22.3,40.0,9.7,30.3,21.7,6.7,2.3,13.7,24.0,90.3,0,3,0.0
Bill Russell,75--76,SEA,6,,,,,,,,,,,,,,,,,,,2,4,0.33299999999999996
Bill Russell,74--75,SEA,9,,,,,,,,,,,,,,,,,,,4,5,0.444
Bill Russell,68--69,BOS,18,,,,,,,,,,,,,,,,,,,12,6,0.667
Bill Russell,67--68,BOS,19,,,,,,,,,,,,,,,,,,,12,7,0.632
Bill Russell,66--67,BOS,9,,,,,,,,,,,,,,,,,,,4,5,0.444
Flip Saunders,07--08,DET,17,0.455,33.9,74.5,0.341,4.5,13.3,0.802,19.1,23.8,36.2,10.6,25.6,20.5,7.4,5.8,11.7,23.3,91.4,10,7,0.588
Flip Saunders,06--07,DET,16,0.43,32.7,76.0,0.35,5.8,16.6,0.767,20.2,26.3,40.6,11.8,28.8,20.1,7.1,4.7,12.6,23.9,91.4,10,6,0.625
Flip Saunders,05--06,DET,18,0.4320000000000001,32.1,74.3,0.3720000000000001,6.9,18.5,0.7240000000000001,20.6,28.4,38.8,11.3,27.4,18.7,6.4,4.1,10.9,20.4,91.7,10,8,0.556
Flip Saunders,03--04,MIN,18,0.441,33.9,77.1,0.387,5.9,15.2,0.78,18.2,23.3,42.1,9.7,32.4,19.3,6.6,5.2,14.3,24.3,91.9,10,8,0.556
Flip Saunders,02--03,MIN,6,0.463,37.5,81.0,0.333,4.7,14.0,0.8059999999999999,20.8,25.8,42.2,8.8,33.3,22.0,6.8,3.5,14.8,24.2,100.5,2,4,0.33299999999999996
Flip Saunders,01--02,MIN,3,0.444,36.0,81.0,0.395,5.0,12.7,0.721,25.0,34.7,49.3,14.3,35.0,16.0,5.7,2.7,15.0,27.0,102.0,0,3,0.0
Flip Saunders,00--01,MIN,4,0.387,30.8,79.5,0.3,3.0,10.0,0.8140000000000001,17.5,21.5,42.5,11.0,31.5,18.5,7.5,5.8,11.8,24.3,82.0,1,3,0.25
Flip Saunders,99--00,MIN,4,0.448,34.3,76.5,0.308,3.0,9.8,0.7859999999999999,13.8,17.5,35.0,10.3,24.8,23.5,6.0,4.0,10.8,23.8,85.3,1,3,0.25
Flip Saunders,98--99,MIN,4,0.396,32.0,80.8,0.313,2.5,8.0,0.767,14.0,18.3,43.5,14.3,29.3,18.8,6.5,6.0,13.8,24.0,80.5,1,3,0.25
Flip Saunders,97--98,MIN,5,0.416,33.2,79.8,0.378,7.4,19.6,0.804,16.4,20.4,39.4,13.6,25.8,23.2,7.4,3.6,13.0,22.6,90.2,2,3,0.4
Flip Saunders,96--97,MIN,3,0.451,40.0,88.7,0.38,6.3,16.7,0.741,13.3,18.0,38.7,14.0,24.7,24.0,7.7,4.0,8.7,23.3,99.7,0,3,0.0
Herm Schaefer,52--53,INO,2,,,,,,,,,,,,,,,,,,,0,2,0.0
Herm Schaefer,51--52,INO,2,,,,,,,,,,,,,,,,,,,0,2,0.0
Fred Schaus,66--67,LAL,3,,,,,,,,,,,,,,,,,,,0,3,0.0
Fred Schaus,65--66,LAL,14,,,,,,,,,,,,,,,,,,,7,7,0.5
Fred Schaus,64--65,LAL,11,,,,,,,,,,,,,,,,,,,5,6,0.455
Fred Schaus,63--64,LAL,5,,,,,,,,,,,,,,,,,,,2,3,0.4
Fred Schaus,62--63,LAL,13,,,,,,,,,,,,,,,,,,,6,7,0.462
Fred Schaus,61--62,LAL,13,,,,,,,,,,,,,,,,,,,7,6,0.5379999999999999
Fred Schaus,60--61,LAL,12,,,,,,,,,,,,,,,,,,,6,6,0.5
Dolph Schayes,65--66,PHI,5,,,,,,,,,,,,,,,,,,,1,4,0.2
Dolph Schayes,64--65,PHI,11,,,,,,,,,,,,,,,,,,,6,5,0.545
Dolph Schayes,63--64,PHI,5,,,,,,,,,,,,,,,,,,,2,3,0.4
Mike Schuler,87--88,POR,4,0.4270000000000001,41.0,96.0,0.32299999999999995,2.5,7.8,0.752,19.8,26.3,48.0,19.0,29.0,22.5,9.8,4.3,16.0,29.0,104.3,1,3,0.25
Mike Schuler,86--87,POR,4,0.467,40.3,86.3,0.267,1.0,3.8,0.768,27.3,35.5,42.5,15.3,27.3,22.8,8.5,3.8,15.0,26.5,108.8,1,3,0.25
Byron Scott,08--09,NOH,5,0.396,27.8,70.2,0.326,6.0,18.4,0.807,22.6,28.0,37.0,9.2,27.8,15.8,6.6,2.6,17.0,24.8,84.2,1,4,0.2
Byron Scott,07--08,NOH,12,0.464,37.6,81.0,0.411,5.8,14.0,0.774,15.7,20.3,42.1,10.3,31.8,19.3,7.3,5.1,8.2,20.7,96.6,7,5,0.583
Byron Scott,02--03,NJN,20,0.425,34.2,80.6,0.35,4.7,13.3,0.762,20.6,27.1,45.1,13.6,31.5,21.3,7.5,4.3,14.9,25.1,93.7,14,6,0.7
Byron Scott,01--02,NJN,20,0.4320000000000001,35.9,82.9,0.285,4.2,14.6,0.726,19.5,26.9,42.7,12.4,30.4,21.3,7.9,5.5,13.9,24.5,95.4,11,9,0.55
Ray Scott,74--75,DET,3,,,,,,,,,,,,,,,,,,,1,2,0.33299999999999996
Ray Scott,73--74,DET,7,,,,,,,,,,,,,,,,,,,3,4,0.429
George Senesky,57--58,PHW,8,,,,,,,,,,,,,,,,,,,3,5,0.375
George Senesky,56--57,PHW,2,,,,,,,,,,,,,,,,,,,0,2,0.0
George Senesky,55--56,PHW,10,,,,,,,,,,,,,,,,,,,7,3,0.7
Paul Seymour,65--66,BAL,3,,,,,,,,,,,,,,,,,,,0,3,0.0
Paul Seymour,60--61,STL,12,,,,,,,,,,,,,,,,,,,5,7,0.41700000000000004
Paul Seymour,59--60,SYR,3,,,,,,,,,,,,,,,,,,,1,2,0.33299999999999996
Paul Seymour,58--59,SYR,9,,,,,,,,,,,,,,,,,,,5,4,0.556
Paul Seymour,57--58,SYR,3,,,,,,,,,,,,,,,,,,,1,2,0.33299999999999996
Paul Seymour,56--57,SYR,5,,,,,,,,,,,,,,,,,,,2,3,0.4
Bill Sharman,73--74,LAL,5,,,,,,,,,,,,,,,,,,,1,4,0.2
Bill Sharman,72--73,LAL,17,,,,,,,,,,,,,,,,,,,9,8,0.529
Bill Sharman,71--72,LAL,15,,,,,,,,,,,,,,,,,,,12,3,0.8
Bill Sharman,67--68,SFW,10,,,,,,,,,,,,,,,,,,,4,6,0.4
Bill Sharman,66--67,SFW,15,,,,,,,,,,,,,,,,,,,9,6,0.6
Gene Shue,84--85,WSB,4,,,,,,,,,,,,,,,,,,,1,3,0.25
Gene Shue,83--84,WSB,4,,,,,,,,,,,,,,,,,,,1,3,0.25
Gene Shue,81--82,WSB,7,,,,,,,,,,,,,,,,,,,3,4,0.429
Gene Shue,76--77,PHI,19,,,,,,,,,,,,,,,,,,,10,9,0.526
Gene Shue,75--76,PHI,3,,,,,,,,,,,,,,,,,,,1,2,0.33299999999999996
Gene Shue,72--73,BAL,5,,,,,,,,,,,,,,,,,,,1,4,0.2
Gene Shue,71--72,BAL,6,,,,,,,,,,,,,,,,,,,2,4,0.33299999999999996
Gene Shue,70--71,BAL,18,,,,,,,,,,,,,,,,,,,8,10,0.444
Gene Shue,69--70,BAL,7,,,,,,,,,,,,,,,,,,,3,4,0.429
Gene Shue,68--69,BAL,4,,,,,,,,,,,,,,,,,,,0,4,0.0
Paul Silas,02--03,NOH,6,0.438,33.8,77.2,0.369,6.3,17.2,0.743,18.8,25.3,39.2,12.3,26.8,20.0,7.3,5.0,13.5,25.5,92.8,2,4,0.33299999999999996
Paul Silas,01--02,CHH,9,0.421,34.1,81.0,0.364,4.4,12.2,0.725,23.4,32.3,46.2,14.7,31.6,19.6,8.9,7.3,13.7,27.4,96.1,4,5,0.444
Paul Silas,00--01,CHH,10,0.434,33.9,78.1,0.3670000000000001,4.4,12.0,0.748,23.5,31.4,43.1,13.2,29.9,19.7,8.6,4.6,11.2,20.8,95.7,6,4,0.6
Paul Silas,99--00,CHH,4,0.43,32.3,75.0,0.3,4.5,15.0,0.8240000000000001,22.3,27.0,44.0,13.5,30.5,22.8,8.3,5.8,14.5,22.0,91.3,1,3,0.25
Scott Skiles,09--10,MIL,7,0.424,33.7,79.6,0.309,6.6,21.3,0.8059999999999999,16.0,19.9,39.1,11.1,28.0,16.3,6.3,3.3,11.3,21.0,90.0,3,4,0.429
Scott Skiles,06--07,CHI,10,0.43,32.5,75.6,0.355,5.9,16.6,0.7290000000000001,21.5,29.5,41.9,11.6,30.3,20.6,7.0,4.2,14.3,22.1,92.4,6,4,0.6
Scott Skiles,05--06,CHI,6,0.445,34.0,76.3,0.395,7.8,19.8,0.742,22.5,30.3,39.3,8.8,30.5,18.3,5.7,3.8,15.3,25.8,98.3,2,4,0.33299999999999996
Scott Skiles,04--05,CHI,6,0.419,35.5,84.7,0.388,9.0,23.2,0.722,22.5,31.2,44.5,14.2,30.3,21.7,6.3,5.0,14.7,29.2,102.5,2,4,0.33299999999999996
Scott Skiles,00--01,PHO,4,0.38,34.0,89.5,0.25,4.3,17.0,0.7140000000000001,16.3,22.8,44.3,13.5,30.8,21.3,9.8,5.8,12.5,23.5,88.5,1,3,0.25
Scott Skiles,99--00,PHO,9,0.407,33.4,82.2,0.278,4.7,16.8,0.7,15.8,22.6,44.9,13.9,31.0,21.0,8.1,6.2,14.9,27.4,87.3,4,5,0.444
Jerry Sloan,09--10,UTA,10,0.479,38.1,79.5,0.374,6.5,17.4,0.728,24.4,33.5,39.6,10.9,28.7,23.8,5.9,4.4,12.8,27.0,107.1,4,6,0.4
Jerry Sloan,08--09,UTA,5,0.4320000000000001,35.0,81.0,0.342,5.0,14.6,0.742,22.4,30.2,42.6,13.2,29.4,25.4,9.8,3.4,14.0,23.8,97.4,1,4,0.2
Jerry Sloan,07--08,UTA,12,0.445,36.4,81.8,0.35,5.8,16.7,0.75,20.3,27.0,44.3,14.5,29.8,21.4,6.5,5.8,12.5,25.5,98.9,6,6,0.5
Jerry Sloan,06--07,UTA,17,0.459,36.4,79.4,0.341,4.3,12.6,0.7490000000000001,20.8,27.7,44.2,13.0,31.2,22.2,7.4,4.8,15.4,24.6,97.9,9,8,0.529
Jerry Sloan,02--03,UTA,5,0.434,33.8,77.8,0.265,1.8,6.8,0.787,23.6,30.0,39.2,14.0,25.2,21.0,7.2,5.6,15.4,24.8,93.0,1,4,0.2
Jerry Sloan,01--02,UTA,4,0.415,33.0,79.5,0.304,3.5,11.5,0.685,18.5,27.0,43.3,15.3,28.0,23.0,9.0,7.0,15.3,26.0,88.0,1,3,0.25
Jerry Sloan,00--01,UTA,5,0.424,33.0,77.8,0.327,3.6,11.0,0.775,20.0,25.8,42.0,12.6,29.4,23.2,5.2,5.2,11.6,27.0,89.6,2,3,0.4
Jerry Sloan,99--00,UTA,10,0.444,33.1,74.6,0.374,4.6,12.3,0.738,17.5,23.7,40.3,10.3,30.0,23.6,6.9,5.4,14.4,25.0,88.3,4,6,0.4
Jerry Sloan,98--99,UTA,11,0.4320000000000001,32.4,75.0,0.302,2.9,9.6,0.762,21.5,28.3,42.6,11.2,31.5,22.0,7.7,4.7,14.5,27.1,89.2,5,6,0.455
Jerry Sloan,97--98,UTA,20,0.455,33.4,73.4,0.353,3.3,9.4,0.745,19.0,25.5,39.8,9.7,30.1,22.3,6.5,4.9,13.6,26.0,89.0,13,7,0.65
Jerry Sloan,96--97,UTA,20,0.452,33.7,74.5,0.3670000000000001,5.0,13.5,0.785,23.9,30.4,41.8,11.4,30.4,21.8,7.4,4.9,12.9,24.8,96.1,13,7,0.65
Jerry Sloan,95--96,UTA,18,0.469,35.4,75.4,0.428,5.4,12.7,0.7070000000000001,19.0,26.9,38.7,11.3,27.3,25.2,7.6,5.7,12.8,25.3,95.2,10,8,0.556
Jerry Sloan,94--95,UTA,5,0.485,36.4,75.0,0.449,6.2,13.8,0.727,25.0,34.4,36.0,10.2,25.8,24.0,8.0,3.6,12.6,27.0,104.0,2,3,0.4
Jerry Sloan,93--94,UTA,16,0.436,34.9,80.1,0.298,2.3,7.8,0.769,22.1,28.7,42.2,13.6,28.6,23.1,7.8,4.5,11.4,25.1,94.3,8,8,0.5
Jerry Sloan,92--93,UTA,5,0.439,34.0,77.4,0.313,2.0,6.4,0.7290000000000001,17.2,23.6,41.0,14.0,27.0,20.8,6.0,4.8,13.4,21.6,87.2,2,3,0.4
Jerry Sloan,91--92,UTA,16,0.48,37.0,77.1,0.29600000000000004,1.8,6.1,0.8079999999999999,27.1,33.5,39.3,12.6,26.8,22.9,7.4,4.8,13.7,22.1,102.9,9,7,0.563
Jerry Sloan,90--91,UTA,9,0.473,38.4,81.2,0.315,1.9,6.0,0.84,26.3,31.3,43.0,11.1,31.9,26.2,6.3,3.9,13.6,26.9,105.1,4,5,0.444
Jerry Sloan,89--90,UTA,5,0.461,40.4,87.6,0.333,3.2,9.6,0.7240000000000001,18.4,25.4,40.6,13.0,27.6,25.4,8.6,5.8,12.6,28.4,102.4,2,3,0.4
Jerry Sloan,88--89,UTA,3,0.428,38.3,89.7,0.353,4.0,11.3,0.831,24.7,29.7,50.0,18.0,32.0,18.0,7.0,5.0,18.3,26.0,105.3,0,3,0.0
Jerry Sloan,80--81,CHI,6,,,,,,,,,,,,,,,,,,,2,4,0.33299999999999996
Erik Spoelstra,15--16,MIA,14,0.458,36.9,80.5,0.36,6.9,19.1,0.765,16.3,21.3,44.2,9.1,35.1,16.4,5.4,5.9,12.3,21.2,96.9,7,7,0.5
Erik Spoelstra,13--14,MIA,20,0.491,35.4,72.2,0.396,9.3,23.5,0.78,17.2,22.0,34.1,6.0,28.1,18.3,7.3,3.9,11.2,20.7,97.3,13,7,0.65
Erik Spoelstra,12--13,MIA,23,0.468,35.8,76.6,0.381,7.7,20.2,0.7659999999999999,17.8,23.2,38.1,9.7,28.4,20.6,8.3,5.4,12.6,22.2,97.1,16,7,0.696
Erik Spoelstra,11--12,MIA,23,0.46,35.0,76.0,0.34700000000000003,6.8,19.7,0.7440000000000001,20.6,27.7,40.4,10.2,30.3,17.5,7.3,5.0,12.3,20.6,97.3,16,7,0.696
Erik Spoelstra,10--11,MIA,21,0.445,32.6,73.3,0.331,5.9,17.9,0.777,21.6,27.8,41.0,10.1,30.9,16.5,7.3,6.0,12.7,19.2,92.8,14,7,0.667
Erik Spoelstra,09--10,MIA,5,0.435,33.6,77.2,0.374,6.8,18.2,0.731,13.6,18.6,37.6,9.4,28.2,17.6,7.0,5.0,16.0,22.8,87.6,1,4,0.2
Erik Spoelstra,08--09,MIA,7,0.45,31.3,69.6,0.35700000000000004,7.1,20.0,0.816,18.4,22.6,38.7,8.9,29.9,15.0,6.1,5.7,12.4,22.1,88.1,3,4,0.429
Garry St,95--96,SAC,4,0.4320000000000001,32.0,74.0,0.281,4.5,16.0,0.675,19.3,28.5,42.3,12.3,30.0,18.8,8.8,4.8,17.8,25.3,87.8,1,3,0.25
Brad Stevens,16--17,BOS,18,0.457,38.4,84.0,0.368,12.7,34.6,0.773,15.7,20.3,37.9,9.4,28.5,26.9,7.7,4.1,13.0,20.8,105.2,9,9,0.5
Brad Stevens,15--16,BOS,6,0.384,34.3,89.5,0.275,8.7,31.5,0.7859999999999999,16.5,21.0,46.0,10.7,35.3,21.0,6.3,6.5,14.2,22.0,93.8,2,4,0.33299999999999996
Brad Stevens,14--15,BOS,4,0.42,34.8,82.8,0.256,5.5,21.5,0.775,19.8,25.5,40.8,10.0,30.8,20.0,5.3,3.8,13.5,26.8,94.8,0,4,0.0
Terry Stotts,16--17,POR,4,0.397,35.5,89.5,0.326,11.0,33.8,0.804,19.5,24.3,44.0,10.0,34.0,15.8,7.0,4.8,14.8,21.8,101.5,0,4,0.0
Terry Stotts,15--16,POR,11,0.416,37.1,89.1,0.381,11.9,31.3,0.74,18.9,25.5,47.6,12.9,34.7,21.5,6.2,3.9,12.5,23.5,105.0,5,6,0.455
Terry Stotts,14--15,POR,5,0.4,33.4,83.6,0.35100000000000003,9.2,26.2,0.8240000000000001,17.8,21.6,44.2,10.0,34.2,16.6,3.4,5.2,11.2,20.6,93.8,1,4,0.2
Terry Stotts,13--14,POR,11,0.4370000000000001,38.4,87.7,0.34700000000000003,7.9,22.8,0.797,19.6,24.6,44.2,11.7,32.5,17.5,5.9,6.0,13.4,22.5,104.3,5,6,0.455
Terry Stotts,05--06,MIL,5,0.471,37.8,80.2,0.419,5.2,12.4,0.785,16.8,21.4,37.0,10.6,26.4,21.0,6.0,2.4,12.2,26.8,97.6,1,4,0.2
Ken Suesens,49--50,SHE,3,,,,,,,,,,,,,,,,,,,1,2,0.33299999999999996
Tom Thibodeau,14--15,CHI,12,0.419,35.1,83.8,0.373,9.2,24.6,0.775,16.7,21.5,45.4,11.7,33.8,22.2,7.2,6.6,12.5,18.8,96.0,6,6,0.5
Tom Thibodeau,13--14,CHI,5,0.422,33.2,78.6,0.333,6.4,19.2,0.754,17.2,22.8,41.8,12.2,29.6,20.2,5.0,4.4,12.6,22.0,90.0,1,4,0.2
Tom Thibodeau,12--13,CHI,12,0.438,35.0,79.9,0.319,5.4,17.0,0.72,16.5,22.9,40.8,11.8,29.0,19.5,6.4,4.6,13.3,22.4,91.9,5,7,0.41700000000000004
Tom Thibodeau,11--12,CHI,6,0.421,34.0,80.7,0.342,4.3,12.7,0.649,12.0,18.5,46.8,11.5,35.3,22.5,5.2,6.7,13.7,20.5,84.3,2,4,0.33299999999999996
Tom Thibodeau,10--11,CHI,16,0.422,34.0,80.6,0.329,6.3,19.2,0.784,18.2,23.2,43.6,13.4,30.2,20.1,7.3,6.6,12.5,21.3,92.5,9,7,0.563
Isiah Thomas,02--03,IND,6,0.388,30.2,77.7,0.292,5.2,17.7,0.79,25.7,32.5,46.8,13.2,33.7,19.8,7.0,5.8,13.3,23.5,91.2,2,4,0.33299999999999996
Isiah Thomas,01--02,IND,5,0.458,34.8,76.0,0.407,4.8,11.8,0.7609999999999999,17.2,22.6,42.2,8.4,33.8,21.2,8.2,4.0,17.0,25.0,91.6,2,3,0.4
Isiah Thomas,00--01,IND,4,0.398,32.8,82.3,0.342,6.3,18.3,0.8270000000000001,15.5,18.8,39.8,11.8,28.0,20.8,4.8,4.5,12.0,23.8,87.3,1,3,0.25
Rudy Tomjanovich,98--99,HOU,4,0.415,33.8,81.3,0.365,7.8,21.3,0.763,21.8,28.5,45.8,13.3,32.5,20.5,7.5,4.5,12.8,26.3,97.0,1,3,0.25
Rudy Tomjanovich,97--98,HOU,5,0.385,29.0,75.4,0.258,4.8,18.6,0.732,21.8,29.8,42.4,11.2,31.2,16.2,7.2,5.0,12.6,23.8,84.6,2,3,0.4
Rudy Tomjanovich,96--97,HOU,16,0.458,35.3,77.1,0.362,8.9,24.5,0.767,21.8,28.4,41.5,12.3,29.3,23.1,7.7,4.4,14.8,21.9,101.3,9,7,0.563
Rudy Tomjanovich,95--96,HOU,8,0.442,36.4,82.4,0.333,7.6,22.9,0.735,17.4,23.6,38.5,9.1,29.4,24.1,10.0,5.0,13.3,21.1,97.8,3,5,0.375
Rudy Tomjanovich,94--95,HOU,22,0.483,38.6,79.9,0.391,8.6,22.0,0.754,21.2,28.1,39.1,9.6,29.5,25.2,7.6,5.8,11.6,24.8,107.0,15,7,0.682
Rudy Tomjanovich,93--94,HOU,23,0.464,36.4,78.6,0.366,6.5,17.7,0.767,17.8,23.2,41.3,10.1,31.2,24.8,7.3,6.2,13.4,21.6,97.1,15,8,0.652
Rudy Tomjanovich,92--93,HOU,12,0.477,37.4,78.4,0.3720000000000001,5.3,14.3,0.773,17.6,22.8,41.5,11.3,30.2,24.8,8.4,7.2,16.7,19.8,97.8,6,6,0.5
Wes Unseld,87--88,WSB,5,0.461,36.4,79.0,0.111,0.2,1.8,0.738,24.2,32.8,38.0,13.4,24.6,16.4,7.0,5.2,15.0,24.6,97.2,2,3,0.4
Butch Van,68--69,LAL,18,,,,,,,,,,,,,,,,,,,11,7,0.611
Butch Van,67--68,LAL,15,,,,,,,,,,,,,,,,,,,10,5,0.667
Jeff Van,06--07,HOU,7,0.41,29.7,72.4,0.321,7.1,22.3,0.7879999999999999,20.7,26.3,41.6,9.9,31.7,18.1,7.0,4.1,14.3,19.3,87.3,3,4,0.429
Jeff Van,04--05,HOU,7,0.466,35.0,75.1,0.403,7.1,17.7,0.79,20.4,25.9,37.7,10.7,27.0,18.0,7.3,5.9,13.9,24.7,97.6,3,4,0.429
Jeff Van,03--04,HOU,5,0.4270000000000001,31.8,74.4,0.303,4.6,15.2,0.7190000000000001,16.4,22.8,44.4,9.6,34.8,17.2,5.2,3.6,15.8,22.8,84.6,1,4,0.2
Jeff Van,00--01,NYK,5,0.468,33.4,71.4,0.339,4.0,11.8,0.778,18.2,23.4,36.4,7.8,28.6,15.6,6.2,3.8,14.0,24.0,89.0,2,3,0.4
Jeff Van,99--00,NYK,16,0.431,31.2,72.4,0.393,4.5,11.4,0.764,17.6,23.0,38.4,8.1,30.4,13.8,6.5,4.1,11.6,22.9,84.4,9,7,0.563
Jeff Van,98--99,NYK,20,0.429,31.9,74.3,0.281,3.2,11.4,0.757,18.1,23.9,39.3,10.2,29.1,15.0,7.6,3.9,12.6,25.5,85.0,12,8,0.6
Jeff Van,97--98,NYK,10,0.436,32.2,73.8,0.39,5.3,13.6,0.765,18.9,24.7,39.7,10.5,29.2,18.8,8.6,2.0,15.0,26.8,88.6,4,6,0.4
Jeff Van,96--97,NYK,10,0.467,34.3,73.5,0.3720000000000001,5.5,14.8,0.77,17.1,22.2,39.5,9.7,29.8,21.1,8.6,3.5,15.3,23.4,91.2,6,4,0.6
Jeff Van,95--96,NYK,8,0.462,32.0,69.3,0.395,6.4,16.1,0.695,18.3,26.3,37.0,8.6,28.4,18.6,6.5,3.8,17.4,20.3,88.6,4,4,0.5
Stan Van,15--16,DET,4,0.478,36.0,75.3,0.376,8.8,23.3,0.648,14.3,22.0,37.8,7.0,30.8,21.8,5.3,3.3,9.5,19.0,95.0,0,4,0.0
Stan Van,11--12,ORL,5,0.398,31.0,77.8,0.341,8.4,24.6,0.705,13.4,19.0,38.4,9.8,28.6,17.2,6.0,4.4,13.4,19.0,83.8,1,4,0.2
Stan Van,10--11,ORL,6,0.409,31.0,75.8,0.262,6.2,23.5,0.737,20.5,27.8,42.3,11.8,30.5,14.5,6.5,4.0,12.3,21.5,88.7,2,4,0.33299999999999996
Stan Van,09--10,ORL,14,0.463,32.8,70.8,0.366,9.9,26.9,0.701,21.1,30.1,40.4,9.3,31.1,16.9,6.4,5.5,13.1,22.4,96.6,10,4,0.7140000000000001
Stan Van,08--09,ORL,24,0.457,34.5,75.4,0.36,8.4,23.3,0.722,19.6,27.1,38.4,8.3,30.0,18.9,6.8,4.8,12.7,21.4,97.0,13,11,0.542
Stan Van,07--08,ORL,10,0.469,35.4,75.4,0.35600000000000004,9.0,25.3,0.7120000000000001,17.3,24.3,42.9,11.7,31.2,17.4,4.8,4.9,14.4,20.5,97.1,5,5,0.5
Stan Van,04--05,MIA,15,0.4920000000000001,36.0,73.1,0.388,6.0,15.5,0.6679999999999999,20.0,29.9,41.6,8.3,33.3,18.9,5.5,5.7,14.3,24.5,98.0,11,4,0.733
Stan Van,03--04,MIA,13,0.408,30.5,74.8,0.276,3.7,13.4,0.754,19.3,25.6,41.8,11.4,30.5,16.3,7.5,4.1,13.5,24.4,84.1,6,7,0.462
Dick Versace,89--90,IND,3,0.461,35.0,76.0,0.217,1.7,7.7,0.8220000000000001,20.0,24.3,36.3,11.0,25.3,17.3,3.7,2.3,14.7,25.7,91.7,0,3,0.0
Frank Vogel,15--16,IND,7,0.441,33.0,74.9,0.383,8.1,21.3,0.82,19.6,23.9,39.3,9.1,30.1,18.1,7.6,5.6,13.6,22.3,93.7,3,4,0.429
Frank Vogel,13--14,IND,19,0.451,33.6,74.5,0.38,7.3,19.3,0.727,17.0,23.4,39.5,8.2,31.3,18.8,7.1,4.2,12.7,20.7,91.6,10,9,0.526
Frank Vogel,12--13,IND,19,0.433,32.2,74.4,0.327,6.3,19.2,0.74,21.1,28.5,45.6,12.7,32.9,17.5,5.4,4.5,15.5,22.4,91.8,11,8,0.579
Frank Vogel,11--12,IND,11,0.424,33.7,79.5,0.32,5.7,17.9,0.7709999999999999,17.7,23.0,44.0,12.4,31.6,16.3,6.9,5.5,13.8,22.0,90.9,6,5,0.545
Frank Vogel,10--11,IND,5,0.409,32.8,80.2,0.377,5.8,15.4,0.77,18.8,24.4,38.4,13.0,25.4,16.0,8.2,5.6,13.8,23.0,90.2,1,4,0.2
Donnie Walsh,78--79,DEN,3,,,,,,,,,,,,,,,,,,,1,2,0.33299999999999996
Bobby Wanzer,57--58,CIN,2,,,,,,,,,,,,,,,,,,,0,2,0.0
Bob Weiss,92--93,ATL,3,0.428,35.7,83.3,0.278,3.3,12.0,0.7090000000000001,18.7,26.3,38.7,15.3,23.3,16.3,8.0,3.7,15.3,23.3,93.3,0,3,0.0
Bob Weiss,90--91,ATL,5,0.4,33.0,82.6,0.25,2.6,10.4,0.831,28.6,34.4,44.2,15.0,29.2,16.8,6.6,2.8,10.6,23.4,97.2,2,3,0.4
Bob Weiss,87--88,SAS,3,0.471,45.7,97.0,0.35,2.3,6.7,0.716,16.0,22.3,38.3,15.0,23.3,27.7,11.0,3.7,17.7,24.0,109.7,0,3,0.0
Jerry West,78--79,LAL,8,,,,,,,,,,,,,,,,,,,3,5,0.375
Jerry West,77--78,LAL,3,,,,,,,,,,,,,,,,,,,1,2,0.33299999999999996
Jerry West,76--77,LAL,11,,,,,,,,,,,,,,,,,,,4,7,0.364
Paul Westhead,80--81,LAL,3,,,,,,,,,,,,,,,,,,,1,2,0.33299999999999996
Paul Westhead,79--80,LAL,16,,,,,,,,,,,,,,,,,,,12,4,0.75
Paul Westphal,99--00,SEA,5,0.4370000000000001,34.8,79.6,0.4270000000000001,7.0,16.4,0.716,16.6,23.2,41.0,12.4,28.6,19.8,8.2,3.4,14.4,21.8,93.2,2,3,0.4
Paul Westphal,94--95,PHO,10,0.483,39.2,81.2,0.34600000000000003,6.4,18.5,0.7959999999999999,26.2,32.9,45.2,12.5,32.7,21.7,6.4,3.2,12.3,24.6,111.0,6,4,0.6
Paul Westphal,93--94,PHO,10,0.451,39.9,88.5,0.355,6.1,17.2,0.737,20.5,27.8,44.7,14.4,30.3,23.5,8.0,4.2,11.8,19.3,106.4,6,4,0.6
Paul Westphal,92--93,PHO,24,0.472,38.8,82.1,0.361,4.2,11.5,0.753,23.1,30.7,41.4,12.4,29.0,23.5,7.6,8.0,13.1,22.6,104.8,13,11,0.542
Lenny Wilkens,03--04,NYK,4,0.384,30.8,80.0,0.293,4.3,14.5,0.723,18.3,25.3,38.5,12.3,26.3,19.5,9.3,4.0,15.0,28.0,84.0,0,4,0.0
Lenny Wilkens,01--02,TOR,5,0.422,32.6,77.2,0.321,3.4,10.6,0.738,15.2,20.6,42.4,12.4,30.0,21.0,8.0,5.2,15.2,23.4,83.8,2,3,0.4
Lenny Wilkens,00--01,TOR,12,0.443,35.3,79.5,0.392,5.9,15.1,0.7559999999999999,15.8,20.8,38.8,11.9,26.8,22.4,7.8,6.1,12.7,21.6,92.2,6,6,0.5
Lenny Wilkens,98--99,ATL,9,0.383,28.6,74.6,0.312,4.8,15.3,0.769,17.8,23.1,38.9,12.0,26.9,13.9,8.1,4.0,13.3,19.4,79.7,3,6,0.33299999999999996
Lenny Wilkens,97--98,ATL,4,0.449,32.8,73.0,0.375,6.8,18.0,0.685,15.3,22.3,40.0,11.0,29.0,17.0,7.8,4.8,12.3,23.5,87.5,1,3,0.25
Lenny Wilkens,96--97,ATL,10,0.436,30.9,70.8,0.315,6.9,21.9,0.778,20.3,26.1,40.0,11.0,29.0,15.4,4.5,4.3,15.1,19.9,89.0,4,6,0.4
Lenny Wilkens,95--96,ATL,10,0.444,33.6,75.7,0.369,7.6,20.6,0.7340000000000001,17.9,24.4,35.9,12.6,23.3,19.8,8.4,5.3,13.4,22.2,92.7,4,6,0.4
Lenny Wilkens,94--95,ATL,3,0.392,29.7,75.7,0.328,7.3,22.3,0.731,22.7,31.0,39.0,12.3,26.7,14.7,8.3,2.7,12.3,28.3,89.3,0,3,0.0
Lenny Wilkens,93--94,ATL,11,0.436,34.9,80.1,0.316,2.8,8.9,0.7390000000000001,17.7,24.0,40.5,14.0,26.5,23.9,8.2,5.3,13.1,24.9,90.4,5,6,0.455
Lenny Wilkens,92--93,CLE,9,0.465,36.6,78.7,0.35,3.1,8.9,0.802,17.6,21.9,38.7,11.9,26.8,23.9,8.2,5.4,14.8,19.1,93.8,3,6,0.33299999999999996
Lenny Wilkens,91--92,CLE,17,0.483,38.5,79.8,0.345,3.0,8.7,0.828,23.5,28.4,41.1,11.9,29.2,26.4,7.4,6.1,13.5,20.4,103.6,9,8,0.529
Lenny Wilkens,89--90,CLE,5,0.517,40.2,77.8,0.314,2.2,7.0,0.7759999999999999,24.2,31.2,40.8,9.2,31.6,27.4,6.6,4.6,12.8,22.2,106.8,2,3,0.4
Lenny Wilkens,88--89,CLE,5,0.469,36.4,77.6,0.333,2.2,6.6,0.716,22.2,31.0,40.2,12.4,27.8,23.0,7.6,7.4,15.2,21.0,97.2,2,3,0.4
Lenny Wilkens,87--88,CLE,5,0.496,40.0,80.6,0.208,1.0,4.8,0.735,19.4,26.4,40.4,12.0,28.4,23.8,5.8,6.4,15.6,19.4,100.4,2,3,0.4
Lenny Wilkens,83--84,SEA,5,,,,,,,,,,,,,,,,,,,2,3,0.4
Lenny Wilkens,82--83,SEA,2,,,,,,,,,,,,,,,,,,,0,2,0.0
Lenny Wilkens,81--82,SEA,8,,,,,,,,,,,,,,,,,,,3,5,0.375
Lenny Wilkens,79--80,SEA,15,,,,,,,,,,,,,,,,,,,7,8,0.467
Lenny Wilkens,78--79,SEA,17,,,,,,,,,,,,,,,,,,,12,5,0.706
Lenny Wilkens,77--78,SEA,22,,,,,,,,,,,,,,,,,,,13,9,0.591
Monty Williams,14--15,NOH,4,0.451,38.0,84.3,0.321,6.8,21.0,0.809,18.0,22.3,42.3,11.0,31.3,23.3,7.5,5.8,13.0,23.5,100.8,0,4,0.0
Monty Williams,10--11,NOH,6,0.457,32.8,71.8,0.321,4.5,14.0,0.742,19.2,25.8,33.5,7.7,25.8,20.2,7.2,3.0,12.3,23.7,89.3,2,4,0.33299999999999996
Randy Wittman,14--15,WAS,10,0.441,37.3,84.5,0.403,9.4,23.3,0.722,17.1,23.7,47.2,11.6,35.6,23.1,7.1,5.3,13.5,20.0,101.1,6,4,0.6
Randy Wittman,13--14,WAS,11,0.4320000000000001,34.5,79.7,0.335,5.6,16.8,0.696,15.8,22.7,44.9,11.7,33.2,19.5,7.5,5.6,12.3,22.3,90.4,6,5,0.545
Dave Wohl,85--86,NJN,3,0.465,39.3,84.7,0.118,0.7,5.7,0.752,26.3,35.0,39.7,15.3,24.3,22.0,9.3,4.0,17.0,32.7,105.7,0,3,0.0
Charles Wolf,62--63,CIN,12,,,,,,,,,,,,,,,,,,,6,6,0.5
Charles Wolf,61--62,CIN,4,,,,,,,,,,,,,,,,,,,1,3,0.25
Mike Woodson,12--13,NYK,12,0.41,33.3,81.0,0.343,8.0,23.3,0.782,14.1,18.0,39.5,10.6,28.9,15.1,8.8,4.3,10.9,23.8,88.6,6,6,0.5
Mike Woodson,11--12,NYK,5,0.417,30.6,73.4,0.275,5.0,18.2,0.7609999999999999,16.6,21.8,40.4,12.4,28.0,12.6,6.0,2.2,17.0,24.2,82.8,1,4,0.2
Mike Woodson,09--10,ATL,11,0.425,33.8,79.6,0.333,4.5,13.6,0.785,17.3,22.0,39.9,13.0,26.9,16.4,6.4,5.1,10.4,21.2,89.5,4,7,0.364
Mike Woodson,08--09,ATL,11,0.409,30.1,73.6,0.34700000000000003,6.1,17.5,0.7440000000000001,17.7,23.8,34.9,10.7,24.2,16.9,6.9,3.4,11.2,21.4,84.0,4,7,0.364
Mike Woodson,07--08,ATL,7,0.411,29.3,71.3,0.322,4.0,12.4,0.782,24.6,31.4,38.3,11.6,26.7,17.4,4.3,5.7,15.0,20.1,87.1,3,4,0.429
Steve Kerr,16--17,GSW,17,0.494,42.9,87.0,0.386,12.7,32.9,0.815,20.7,25.4,45.8,9.3,36.5,28.2,8.7,6.2,13.6,21.8,119.3,16,1,0.941
Steve Kerr,15--16,GSW,24,0.455,38.9,85.6,0.394,12.8,32.4,0.735,17.1,23.3,43.2,10.5,32.7,24.3,8.0,5.5,13.6,22.0,107.7,15,9,0.625
Steve Kerr,14--15,GSW,21,0.453,38.2,84.2,0.374,11.4,30.5,0.6990000000000001,15.5,22.1,45.6,11.6,34.0,24.5,8.1,5.7,14.1,22.4,103.3,16,5,0.762
David Blatt,14--15,CLE,20,0.42,34.7,82.7,0.34,9.8,28.7,0.738,19.9,26.9,47.1,12.3,34.9,18.0,6.3,6.4,11.7,20.9,99.0,14,6,0.7
Quin Snyder,16--17,UTA,11,0.455,35.6,78.4,0.365,9.5,25.9,0.732,17.1,23.4,39.1,6.7,32.4,19.7,7.4,3.3,10.8,21.1,97.8,4,7,0.364
Fred Hoiberg,16--17,CHI,6,0.441,36.3,82.3,0.3,7.0,23.3,0.8490000000000001,16.8,19.8,46.5,12.3,34.2,20.0,7.2,5.3,14.0,18.3,96.5,2,4,0.33299999999999996
Billy Donovan,16--17,OKC,5,0.442,38.6,87.4,0.311,8.4,27.0,0.6890000000000001,18.6,27.0,43.6,12.2,31.4,19.8,8.4,8.8,12.6,22.2,104.2,1,4,0.2
Billy Donovan,15--16,OKC,18,0.452,38.2,84.5,0.333,8.3,24.9,0.7859999999999999,21.7,27.6,46.9,12.5,34.4,20.5,7.7,5.4,13.4,20.3,106.4,11,7,0.611
 Bickerstaff,15--16,HOU,5,0.386,33.0,85.6,0.268,7.6,28.4,0.642,17.6,27.4,47.4,14.4,33.0,18.0,8.4,4.2,18.8,25.6,91.2,1,4,0.2
Tyronn Lue,16--17,CLE,18,0.493,40.9,83.1,0.42,14.2,33.9,0.767,20.1,26.2,42.1,9.2,32.9,22.1,7.4,4.8,12.8,18.8,116.2,13,5,0.722
Tyronn Lue,15--16,CLE,21,0.469,38.3,81.8,0.406,12.3,30.2,0.725,15.8,21.8,43.3,10.7,32.6,21.2,7.8,4.2,11.6,19.6,104.8,16,5,0.762
David Fizdale,16--17,MEM,6,0.449,34.7,77.2,0.386,9.3,24.2,0.8690000000000001,17.7,20.3,35.5,7.7,27.8,18.8,5.2,2.7,10.5,22.2,96.3,2,4,0.33299999999999996
